axis,level,algorithm,track,metric,delta,ci_lo,ci_hi,n,entities,tier
lowacc,3,maxent,combined,auc,-0.011381468039240065,-0.02074612122218481,-0.003526375565839595,80,8,full_panel
lowacc,3,maxent,combined,tss,-0.023743042131598398,-0.03722066317862916,-0.0115997800030863,80,8,full_panel
lowacc,3,maxent,combined,brier,0.013140108731194113,0.0029393193629702816,0.02691332706408231,80,8,full_panel
lowacc,3,maxent,combined,boyce,-0.03738502701153101,-0.07496184502251443,-0.004326219533924762,80,8,full_panel
lowacc,3,maxent,combined,sensitivity,-0.006678257955931079,-0.012909806019248153,-0.0010929338421864943,80,8,full_panel
lowacc,3,maxent,combined,specificity,-0.01706478417566732,-0.03184354721909715,-0.005060477387792651,80,8,full_panel
lowacc,3,maxent,combined,omission_rate,0.006678257955931069,0.0009388932746408574,0.012203837784191337,80,8,full_panel
lowacc,3,maxent,local_only,auc,-0.010262856591594344,-0.01976884400141182,-0.00323992040774885,70,7,full_panel
lowacc,3,maxent,local_only,tss,-0.019695130852041443,-0.03452467395357734,-0.007622202990464229,70,7,full_panel
lowacc,3,maxent,local_only,brier,0.01024415767801087,0.0013064793064027072,0.02558490049698991,70,7,full_panel
lowacc,3,maxent,local_only,boyce,-0.0299965147685812,-0.06406481349236018,0.0023618138522433704,70,7,full_panel
lowacc,3,maxent,local_only,sensitivity,-0.006838423301147685,-0.014752706624531327,-0.00018657908065589782,70,7,full_panel
lowacc,3,maxent,local_only,specificity,-0.01285670755089377,-0.028600806646215504,-0.0024371507944893913,70,7,full_panel
lowacc,3,maxent,local_only,omission_rate,0.006838423301147664,0.00020216026834900865,0.01438037977782161,70,7,full_panel
lowacc,3,maxent,upstream_only,auc,-0.009532707247627416,-0.025241942001230373,0.0004502405299151172,80,8,full_panel
lowacc,3,maxent,upstream_only,tss,-0.005059136554434478,-0.01113884406434687,-0.00010084579122125288,80,8,full_panel
lowacc,3,maxent,upstream_only,brier,0.0014592486515128946,-6.36979475060691e-05,0.003593021737018914,80,8,full_panel
lowacc,3,maxent,upstream_only,boyce,0.017593204325491423,-0.019388645664098803,0.07063459719806853,80,8,full_panel
lowacc,3,maxent,upstream_only,sensitivity,-0.004125765139872544,-0.009555825312507015,0.000868506853248522,80,8,full_panel
lowacc,3,maxent,upstream_only,specificity,-0.0009333714145619339,-0.004269313748822307,0.002197090741419287,80,8,full_panel
lowacc,3,maxent,upstream_only,omission_rate,0.00412576513987255,-0.000892686662034766,0.009311508272926807,80,8,full_panel
lowacc,3,random_forest,combined,auc,-0.008522744812182629,-0.012444782743034727,-0.004740145317791539,240,8,full_panel
lowacc,3,random_forest,combined,tss,-0.01682325726846379,-0.023125958074290725,-0.01035215619778998,240,8,full_panel
lowacc,3,random_forest,combined,brier,0.004312594674539281,0.002197983680904013,0.006690920345692345,240,8,full_panel
lowacc,3,random_forest,combined,boyce,-0.009158315735483497,-0.020630838903241324,-2.1950498827497332e-05,240,8,full_panel
lowacc,3,random_forest,combined,sensitivity,-0.00752666180776733,-0.012670592574478359,-0.002986556778611075,240,8,full_panel
lowacc,3,random_forest,combined,specificity,-0.009296595460696503,-0.015207970687771669,-0.0037126319080755484,240,8,full_panel
lowacc,3,random_forest,combined,omission_rate,0.007526661807767313,0.002803574076357366,0.01278623350516202,240,8,full_panel
lowacc,3,random_forest,local_only,auc,-0.008253062554153374,-0.012000404386694176,-0.0045868205911334,240,8,full_panel
lowacc,3,random_forest,local_only,tss,-0.01585511466615481,-0.022305289298753486,-0.009808169870940138,240,8,full_panel
lowacc,3,random_forest,local_only,brier,0.00437230219488491,0.0021617223191369686,0.006805455668784342,240,8,full_panel
lowacc,3,random_forest,local_only,boyce,-0.008742943770613696,-0.021393704592797057,0.002217848500762015,240,8,full_panel
lowacc,3,random_forest,local_only,sensitivity,-0.00673711086215294,-0.011751324816019973,-0.0023629975594620174,240,8,full_panel
lowacc,3,random_forest,local_only,specificity,-0.00911800380400185,-0.015270293087633268,-0.003573615344521762,240,8,full_panel
lowacc,3,random_forest,local_only,omission_rate,0.006737110862152921,0.0024059163860402255,0.011899069098770006,240,8,full_panel
lowacc,3,random_forest,upstream_only,auc,-0.004152156247007803,-0.009154894169475805,0.00048421217674003063,240,8,full_panel
lowacc,3,random_forest,upstream_only,tss,-0.006665530593940144,-0.012773840876492816,-0.0003510790812326544,240,8,full_panel
lowacc,3,random_forest,upstream_only,brier,0.0010181768781585706,-0.0005028663550986081,0.002814861271976317,240,8,full_panel
lowacc,3,random_forest,upstream_only,boyce,-0.000797851796067581,-0.01743763845190808,0.017716565684799547,240,8,full_panel
lowacc,3,random_forest,upstream_only,sensitivity,0.0006617554748720692,-0.008098452900302937,0.011829653747008268,240,8,full_panel
lowacc,3,random_forest,upstream_only,specificity,-0.007327286068812209,-0.016270662017914408,6.285738825899827e-05,240,8,full_panel
lowacc,3,random_forest,upstream_only,omission_rate,-0.0006617554748720479,-0.012216528089063552,0.008071259590391422,240,8,full_panel
lowacc,3,xgboost,combined,auc,-0.008511391287991978,-0.013783985142167662,-0.004097224707859359,240,8,full_panel
lowacc,3,xgboost,combined,tss,-0.015391320484404386,-0.02064679461995313,-0.01036280086273183,240,8,full_panel
lowacc,3,xgboost,combined,brier,0.004624362829138449,0.00199844819449977,0.007856688702472671,240,8,full_panel
lowacc,3,xgboost,combined,boyce,0.005772673273289142,-0.02174789662795168,0.03129841291997627,240,8,full_panel
lowacc,3,xgboost,combined,sensitivity,-0.004926712670240538,-0.00954442706535529,-0.00022956478860947,240,8,full_panel
lowacc,3,xgboost,combined,specificity,-0.010464607814163814,-0.017759317061146727,-0.003894464070912225,240,8,full_panel
lowacc,3,xgboost,combined,omission_rate,0.004926712670240549,0.00023355045428606096,0.009768989440101685,240,8,full_panel
lowacc,3,xgboost,local_only,auc,-0.008524124238491169,-0.013865687326252601,-0.003959681742562238,240,8,full_panel
lowacc,3,xgboost,local_only,tss,-0.015800641526021543,-0.022335479362856483,-0.00971182715959607,240,8,full_panel
lowacc,3,xgboost,local_only,brier,0.004533856687723445,0.001458167588927807,0.00795285781253103,240,8,full_panel
lowacc,3,xgboost,local_only,boyce,-0.00024985266406112386,-0.015444189070746772,0.013474532874316615,240,8,full_panel
lowacc,3,xgboost,local_only,sensitivity,-0.00668943409202454,-0.011583573003433299,-0.0019587914654586834,240,8,full_panel
lowacc,3,xgboost,local_only,specificity,-0.009111207433997027,-0.016563610787082107,-0.0025910211287280445,240,8,full_panel
lowacc,3,xgboost,local_only,omission_rate,0.006689434092024537,0.001990832714092864,0.011667930493558151,240,8,full_panel
lowacc,3,xgboost,upstream_only,auc,-0.002921310577695857,-0.005935266713102613,6.633876613186237e-05,240,8,full_panel
lowacc,3,xgboost,upstream_only,tss,-0.008319430148343028,-0.015805861192656687,-0.0017857306608417484,240,8,full_panel
lowacc,3,xgboost,upstream_only,brier,0.0001828062863868716,-0.0014628878429804068,0.0021787271256601902,240,8,full_panel
lowacc,3,xgboost,upstream_only,boyce,0.018097381529519667,-0.0029371282158339802,0.03783593570341095,240,8,full_panel
lowacc,3,xgboost,upstream_only,sensitivity,-0.004064994034842891,-0.0093295565241746,0.0021517491782257507,240,8,full_panel
lowacc,3,xgboost,upstream_only,specificity,-0.004254436113500107,-0.01469850486454564,0.0038359676699530787,240,8,full_panel
lowacc,3,xgboost,upstream_only,omission_rate,0.004064994034842903,-0.001478217704865601,0.009515031736909096,240,8,full_panel
lowacc,10,maxent,combined,auc,-0.029356620548269752,-0.049223330960457834,-0.01218157940253145,80,8,full_panel
lowacc,10,maxent,combined,tss,-0.05971709822845253,-0.09152791992279125,-0.0319936092664005,80,8,full_panel
lowacc,10,maxent,combined,brier,0.030324614480410413,0.009756209306824961,0.057924606570723514,80,8,full_panel
lowacc,10,maxent,combined,boyce,-0.049533844660687616,-0.10145937098472924,-0.011242460315020733,80,8,full_panel
lowacc,10,maxent,combined,sensitivity,-0.023745360239098116,-0.037228346256280784,-0.011189953605437267,80,8,full_panel
lowacc,10,maxent,combined,specificity,-0.03597173798935441,-0.06467028634007606,-0.013543095952061388,80,8,full_panel
lowacc,10,maxent,combined,omission_rate,0.023745360239098106,0.010908653987900224,0.0363925174232609,80,8,full_panel
lowacc,10,maxent,local_only,auc,-0.02634667501874745,-0.047457898536914254,-0.008962422410579367,70,7,full_panel
lowacc,10,maxent,local_only,tss,-0.05335168321923792,-0.08550332417241135,-0.02508555571952846,70,7,full_panel
lowacc,10,maxent,local_only,brier,0.023427889048223193,0.0037811255862920156,0.05523901981152282,70,7,full_panel
lowacc,10,maxent,local_only,boyce,-0.05755245659105844,-0.11481468788131831,-0.010600998049107687,70,7,full_panel
lowacc,10,maxent,local_only,sensitivity,-0.02629032198095935,-0.046682798371372285,-0.008252007826651597,70,7,full_panel
lowacc,10,maxent,local_only,specificity,-0.027061361238278587,-0.06065179668758982,-0.004825567271761916,70,7,full_panel
lowacc,10,maxent,local_only,omission_rate,0.02629032198095933,0.00786629252193399,0.04760346950898694,70,7,full_panel
lowacc,10,maxent,upstream_only,auc,-0.009562673925874914,-0.02187286190179261,0.0024418845406362715,80,8,full_panel
lowacc,10,maxent,upstream_only,tss,-0.01390985748783333,-0.030223805791160612,0.0008423474225596099,80,8,full_panel
lowacc,10,maxent,upstream_only,brier,0.004653645375791481,0.0009398360387457859,0.009204343952820274,80,8,full_panel
lowacc,10,maxent,upstream_only,boyce,0.02126043395378742,-0.03134161925980516,0.07973754055703292,80,8,full_panel
lowacc,10,maxent,upstream_only,sensitivity,-0.009449416050682726,-0.024079783030544043,0.0042753511533171265,80,8,full_panel
lowacc,10,maxent,upstream_only,specificity,-0.004460441437150584,-0.009700479814953174,0.0013926946209014048,80,8,full_panel
lowacc,10,maxent,upstream_only,omission_rate,0.00944941605068273,-0.004108552752210141,0.023873141271070184,80,8,full_panel
lowacc,10,random_forest,combined,auc,-0.023345987044319692,-0.03429862533235735,-0.013129481529124371,240,8,full_panel
lowacc,10,random_forest,combined,tss,-0.0468363599287807,-0.06738989382860452,-0.027196680589447637,240,8,full_panel
lowacc,10,random_forest,combined,brier,0.01183182135137758,0.006522803908052422,0.017570422777189183,240,8,full_panel
lowacc,10,random_forest,combined,boyce,-0.019921270948469738,-0.05593626277779072,0.008305497458409552,240,8,full_panel
lowacc,10,random_forest,combined,sensitivity,-0.020550466732068354,-0.037912478354168805,-0.006323678420778582,240,8,full_panel
lowacc,10,random_forest,combined,specificity,-0.026285893196712408,-0.043762802061755215,-0.011467230928471883,240,8,full_panel
lowacc,10,random_forest,combined,omission_rate,0.02055046673206834,0.006611793857709065,0.03867571519576702,240,8,full_panel
lowacc,10,random_forest,local_only,auc,-0.023266861560181484,-0.03465422776685881,-0.01274145969139235,240,8,full_panel
lowacc,10,random_forest,local_only,tss,-0.047532174545355,-0.06901830329685843,-0.027620525899938648,240,8,full_panel
lowacc,10,random_forest,local_only,brier,0.012047532989329073,0.006831812698538233,0.017959142724917374,240,8,full_panel
lowacc,10,random_forest,local_only,boyce,-0.02135599469289767,-0.061122286643080226,0.008530080265613062,240,8,full_panel
lowacc,10,random_forest,local_only,sensitivity,-0.02095855213834917,-0.03764995931951056,-0.006236363764039575,240,8,full_panel
lowacc,10,random_forest,local_only,specificity,-0.02657362240700582,-0.043751371425668525,-0.010478690329134023,240,8,full_panel
lowacc,10,random_forest,local_only,omission_rate,0.02095855213834915,0.006507282882306524,0.03749237137294361,240,8,full_panel
lowacc,10,random_forest,upstream_only,auc,-0.01191748691217243,-0.024064282619084405,-0.0008292494471696567,240,8,full_panel
lowacc,10,random_forest,upstream_only,tss,-0.022730651982136627,-0.042573306293784634,-0.0026234139519033715,240,8,full_panel
lowacc,10,random_forest,upstream_only,brier,0.003392256414698591,-0.0004673632514388572,0.007762373017305493,240,8,full_panel
lowacc,10,random_forest,upstream_only,boyce,-0.006752857720551293,-0.028733590969685065,0.018764669458465125,240,8,full_panel
lowacc,10,random_forest,upstream_only,sensitivity,-0.0017221211272901906,-0.027982568078954686,0.031209409571851473,240,8,full_panel
lowacc,10,random_forest,upstream_only,specificity,-0.021008530854846455,-0.04105247835347164,-0.00578561151317325,240,8,full_panel
lowacc,10,random_forest,upstream_only,omission_rate,0.0017221211272902114,-0.030632073318536537,0.027543557018099702,240,8,full_panel
lowacc,10,xgboost,combined,auc,-0.024504994722578968,-0.038272104331467535,-0.012862645272137707,240,8,full_panel
lowacc,10,xgboost,combined,tss,-0.04472425892649306,-0.06283223249072316,-0.02873090368211887,240,8,full_panel
lowacc,10,xgboost,combined,brier,0.014305060154148837,0.007604274237714553,0.022468010765337623,240,8,full_panel
lowacc,10,xgboost,combined,boyce,0.00779257124897874,-0.03112300006241848,0.03493005802703604,240,8,full_panel
lowacc,10,xgboost,combined,sensitivity,-0.019880130974555085,-0.03529477193568811,-0.006893608981553523,240,8,full_panel
lowacc,10,xgboost,combined,specificity,-0.02484412795193794,-0.04132443457034694,-0.010028844978090621,240,8,full_panel
lowacc,10,xgboost,combined,omission_rate,0.0198801309745551,0.0066231146656697635,0.034933582113371706,240,8,full_panel
lowacc,10,xgboost,local_only,auc,-0.02461401356734886,-0.037127410072131016,-0.013337606390044363,240,8,full_panel
lowacc,10,xgboost,local_only,tss,-0.04723022079293575,-0.06605205832778718,-0.030709208537814517,240,8,full_panel
lowacc,10,xgboost,local_only,brier,0.014566127420888267,0.007851060743689759,0.022475651618977823,240,8,full_panel
lowacc,10,xgboost,local_only,boyce,0.002057085125697352,-0.028824241143253368,0.02305575752453567,240,8,full_panel
lowacc,10,xgboost,local_only,sensitivity,-0.02123060612988513,-0.036844898408860835,-0.007104081325661979,240,8,full_panel
lowacc,10,xgboost,local_only,specificity,-0.025999614663050653,-0.04249303721239021,-0.010722570491996633,240,8,full_panel
lowacc,10,xgboost,local_only,omission_rate,0.02123060612988513,0.007340685563640693,0.03681411462311829,240,8,full_panel
lowacc,10,xgboost,upstream_only,auc,-0.009223172778632736,-0.018790012336918332,-0.0003319927882452759,240,8,full_panel
lowacc,10,xgboost,upstream_only,tss,-0.02884968451229882,-0.05304216928329575,-0.007756948276141795,240,8,full_panel
lowacc,10,xgboost,upstream_only,brier,0.0017946649109414742,-0.0020195177646250696,0.007427462725705955,240,8,full_panel
lowacc,10,xgboost,upstream_only,boyce,0.022687342912645073,-0.004409081762878464,0.04523538250620369,240,8,full_panel
lowacc,10,xgboost,upstream_only,sensitivity,-0.002567066838822159,-0.023804993777483675,0.018682310760189585,240,8,full_panel
lowacc,10,xgboost,upstream_only,specificity,-0.026282617673476633,-0.05701198599762229,-0.004732596086729689,240,8,full_panel
lowacc,10,xgboost,upstream_only,omission_rate,0.002567066838822166,-0.018548980076313754,0.024118263747765357,240,8,full_panel
lowacc,20,maxent,combined,auc,-0.04787644021947265,-0.07596152005137669,-0.023183542250696625,80,8,full_panel
lowacc,20,maxent,combined,tss,-0.09655398380587824,-0.13953209009035852,-0.05540107243762999,80,8,full_panel
lowacc,20,maxent,combined,brier,0.04264026206461154,0.01267294593042504,0.0856045359911857,80,8,full_panel
lowacc,20,maxent,combined,boyce,-0.03789858661318919,-0.09742761494150913,0.007354002525452513,80,8,full_panel
lowacc,20,maxent,combined,sensitivity,-0.05178019259179662,-0.08186683987855227,-0.02424226284534885,80,8,full_panel
lowacc,20,maxent,combined,specificity,-0.044773791214081635,-0.08972973388909464,-0.01265413936959292,80,8,full_panel
lowacc,20,maxent,combined,omission_rate,0.051780192591796614,0.024820113106356068,0.08265073383342912,80,8,full_panel
lowacc,20,maxent,local_only,auc,-0.04447963731993806,-0.07573996932181326,-0.019772414108899867,70,7,full_panel
lowacc,20,maxent,local_only,tss,-0.09140467380316039,-0.1397594186585458,-0.047904771607305115,70,7,full_panel
lowacc,20,maxent,local_only,brier,0.03509001043602434,0.005867031157446362,0.08170032523020354,70,7,full_panel
lowacc,20,maxent,local_only,boyce,-0.05071243259785256,-0.11250182060018696,0.0034734878194479955,70,7,full_panel
lowacc,20,maxent,local_only,sensitivity,-0.05453269867661984,-0.0984530291764412,-0.01569624191623312,70,7,full_panel
lowacc,20,maxent,local_only,specificity,-0.03687197512654057,-0.08603198248455982,-0.0010365886361492576,70,7,full_panel
lowacc,20,maxent,local_only,omission_rate,0.05453269867661982,0.01651520592436955,0.10164282697741357,70,7,full_panel
lowacc,20,maxent,upstream_only,auc,-0.015354231921847008,-0.03518138573799511,0.0033218111562312563,80,8,full_panel
lowacc,20,maxent,upstream_only,tss,-0.02934487027998287,-0.05628465762023512,-0.006940821027225615,80,8,full_panel
lowacc,20,maxent,upstream_only,brier,0.008659570522824605,0.0022341959227615356,0.015646440246486856,80,8,full_panel
lowacc,20,maxent,upstream_only,boyce,0.036891291929841113,-0.0343625512612262,0.11696336770660161,80,8,full_panel
lowacc,20,maxent,upstream_only,sensitivity,-0.024451922966324945,-0.04569211496994139,-0.007197706678760135,80,8,full_panel
lowacc,20,maxent,upstream_only,specificity,-0.0048929473136579355,-0.013669613487985217,0.004349608946335717,80,8,full_panel
lowacc,20,maxent,upstream_only,omission_rate,0.024451922966324948,0.007765461962188835,0.0462707013323262,80,8,full_panel
lowacc,20,random_forest,combined,auc,-0.040486361813921276,-0.059775923487991475,-0.02297217321594617,240,8,full_panel
lowacc,20,random_forest,combined,tss,-0.07902520181409994,-0.1174358237620621,-0.04375977635813359,240,8,full_panel
lowacc,20,random_forest,combined,brier,0.019388342891705698,0.01193629587776455,0.02789477269754768,240,8,full_panel
lowacc,20,random_forest,combined,boyce,-0.024341286461947005,-0.06766329574360395,0.008341695444651001,240,8,full_panel
lowacc,20,random_forest,combined,sensitivity,-0.03259966774528722,-0.062362471228851815,-0.007068972402428081,240,8,full_panel
lowacc,20,random_forest,combined,specificity,-0.04642553406881278,-0.07805876775090885,-0.02161460307379903,240,8,full_panel
lowacc,20,random_forest,combined,omission_rate,0.032599667745287206,0.007538476261851141,0.061374632628762416,240,8,full_panel
lowacc,20,random_forest,local_only,auc,-0.04091303810128469,-0.060854984594300686,-0.023393082586593533,240,8,full_panel
lowacc,20,random_forest,local_only,tss,-0.07925474163660917,-0.11731366520598424,-0.04417166765443035,240,8,full_panel
lowacc,20,random_forest,local_only,brier,0.019611772172002724,0.011749591207132074,0.028125906143544523,240,8,full_panel
lowacc,20,random_forest,local_only,boyce,-0.026949019578165572,-0.0757565699561779,0.013287292452145782,240,8,full_panel
lowacc,20,random_forest,local_only,sensitivity,-0.03227300095012744,-0.06230612381838831,-0.00815043881536169,240,8,full_panel
lowacc,20,random_forest,local_only,specificity,-0.0469817406864817,-0.07832242509008382,-0.0224185367229107,240,8,full_panel
lowacc,20,random_forest,local_only,omission_rate,0.032273000950127424,0.008306503410234919,0.06005686977384777,240,8,full_panel
lowacc,20,random_forest,upstream_only,auc,-0.021727316008866356,-0.04323575858839675,-0.0014205282728933474,240,8,full_panel
lowacc,20,random_forest,upstream_only,tss,-0.040668341848371814,-0.08070169220347687,0.0013916382194524156,240,8,full_panel
lowacc,20,random_forest,upstream_only,brier,0.0065743407036541945,0.0003623353672715524,0.014027678643877706,240,8,full_panel
lowacc,20,random_forest,upstream_only,boyce,0.0033355599780522487,-0.04101477690170699,0.050527421616601065,240,8,full_panel
lowacc,20,random_forest,upstream_only,sensitivity,0.002440021700864256,-0.05333087341972538,0.07082179680329218,240,8,full_panel
lowacc,20,random_forest,upstream_only,specificity,-0.043108363549236084,-0.0886475275983379,-0.01177474688487099,240,8,full_panel
lowacc,20,random_forest,upstream_only,omission_rate,-0.0024400217008642353,-0.0711501152497754,0.05299095994228854,240,8,full_panel
lowacc,20,xgboost,combined,auc,-0.04245445949621433,-0.06370719562695241,-0.0238998189031414,240,8,full_panel
lowacc,20,xgboost,combined,tss,-0.07712534110482616,-0.1091804652089386,-0.04870544610239459,240,8,full_panel
lowacc,20,xgboost,combined,brier,0.02465915651184242,0.014241522744961013,0.03626767027487172,240,8,full_panel
lowacc,20,xgboost,combined,boyce,-0.001285702990760999,-0.04613563751298804,0.031122430743825598,240,8,full_panel
lowacc,20,xgboost,combined,sensitivity,-0.03349153948434403,-0.055409531338735676,-0.012982202059462948,240,8,full_panel
lowacc,20,xgboost,combined,specificity,-0.043633801620482096,-0.06718171622890148,-0.02334763629778891,240,8,full_panel
lowacc,20,xgboost,combined,omission_rate,0.03349153948434404,0.01385110019218824,0.055588167298008605,240,8,full_panel
lowacc,20,xgboost,local_only,auc,-0.04207617351194902,-0.06369377326609715,-0.02462081546199546,240,8,full_panel
lowacc,20,xgboost,local_only,tss,-0.0774559989255113,-0.10900895760275141,-0.04846904395441365,240,8,full_panel
lowacc,20,xgboost,local_only,brier,0.024355548669168177,0.014084322405199851,0.036569001937167556,240,8,full_panel
lowacc,20,xgboost,local_only,boyce,-0.001808412108993661,-0.0427854849527849,0.025102223674859803,240,8,full_panel
lowacc,20,xgboost,local_only,sensitivity,-0.03360095051329125,-0.054631361752144204,-0.012952011300668498,240,8,full_panel
lowacc,20,xgboost,local_only,specificity,-0.04385504841222007,-0.06752784586662056,-0.022038083634251387,240,8,full_panel
lowacc,20,xgboost,local_only,omission_rate,0.03360095051329125,0.013159913269237976,0.05577518777744047,240,8,full_panel
lowacc,20,xgboost,upstream_only,auc,-0.01762132457509084,-0.03597217621295751,-0.0006360101227561409,240,8,full_panel
lowacc,20,xgboost,upstream_only,tss,-0.04883616968007985,-0.08902294222373132,-0.01294323497508311,240,8,full_panel
lowacc,20,xgboost,upstream_only,brier,0.004504727373880172,-0.0028210405733541076,0.015101127711032671,240,8,full_panel
lowacc,20,xgboost,upstream_only,boyce,0.035495703108439344,-0.0017322970295757043,0.07490839582537187,240,8,full_panel
lowacc,20,xgboost,upstream_only,sensitivity,-0.009515527969078164,-0.04619297416918222,0.031030910448869287,240,8,full_panel
lowacc,20,xgboost,upstream_only,specificity,-0.03932064171100167,-0.07798686274953252,-0.0073571501940514214,240,8,full_panel
lowacc,20,xgboost,upstream_only,omission_rate,0.009515527969078164,-0.0326835431436752,0.046744101640433945,240,8,full_panel
snapping,1,maxent,combined,auc,0.0012612842049233189,-0.001604807282034798,0.004520017121649761,130,13,full_panel
snapping,1,maxent,combined,tss,0.0029138875793715013,-0.0029461685063890274,0.010011467091036967,130,13,full_panel
snapping,1,maxent,combined,brier,7.606745933006396e-05,-0.005449577660293238,0.0051460853703606466,130,13,full_panel
snapping,1,maxent,combined,boyce,-0.0034785957331437637,-0.039510662229002284,0.032777787199524296,130,13,full_panel
snapping,1,maxent,combined,sensitivity,0.0029821697473513594,-0.005210603827528261,0.014674847586736156,130,13,full_panel
snapping,1,maxent,combined,specificity,-6.82821679798879e-05,-0.006559757256814595,0.006657479058939088,130,13,full_panel
snapping,1,maxent,combined,omission_rate,-0.0029821697473513585,-0.014346024574853856,0.005128730442826468,130,13,full_panel
snapping,1,maxent,local_only,auc,0.0003693334681286024,-0.002291322081649833,0.003357591607103004,130,13,full_panel
snapping,1,maxent,local_only,tss,0.0049352526143198044,-0.0031372160066235034,0.018780709373742766,130,13,full_panel
snapping,1,maxent,local_only,brier,0.002553351983010965,-0.001222876066633367,0.008237739035767246,130,13,full_panel
snapping,1,maxent,local_only,boyce,-0.0017017865306297138,-0.03434668070237832,0.032165830310738795,130,13,full_panel
snapping,1,maxent,local_only,sensitivity,0.008047306206620551,-0.0031707413176912907,0.02811215980080014,130,13,full_panel
snapping,1,maxent,local_only,specificity,-0.0031120535923007562,-0.010537764336703226,0.0018162130847328795,130,13,full_panel
snapping,1,maxent,local_only,omission_rate,-0.008047306206620562,-0.027418102450587657,0.0033369774418987573,130,13,full_panel
snapping,1,maxent,upstream_only,auc,-0.0033629991224656845,-0.01245082680768716,0.0016404530092393643,130,13,full_panel
snapping,1,maxent,upstream_only,tss,0.0011300158915990598,-0.008350293337353886,0.012881991130663338,130,13,full_panel
snapping,1,maxent,upstream_only,brier,-0.00012796594562421916,-0.0009655658256259149,0.0007690188517657282,130,13,full_panel
snapping,1,maxent,upstream_only,boyce,0.01952489860993353,-0.016972265676249734,0.06548551973285019,130,13,full_panel
snapping,1,maxent,upstream_only,sensitivity,-0.000585846335395,-0.010751290377034397,0.011901882914827387,130,13,full_panel
snapping,1,maxent,upstream_only,specificity,0.001715862226994025,-0.0009535078640698097,0.0053867862767364326,130,13,full_panel
snapping,1,maxent,upstream_only,omission_rate,0.0005858463353950051,-0.012310605630035094,0.010507519378565798,130,13,full_panel
snapping,1,random_forest,combined,auc,9.734063909997738e-05,-0.0011724547452199392,0.001486939942342058,390,13,full_panel
snapping,1,random_forest,combined,tss,0.0014410986173979247,-0.0022620923896800927,0.005341169668576356,390,13,full_panel
snapping,1,random_forest,combined,brier,-9.46454764770508e-05,-0.000897130880247398,0.0007148423676438777,390,13,full_panel
snapping,1,random_forest,combined,boyce,-0.0005911731183157964,-0.006853731848814565,0.004708312850134209,390,13,full_panel
snapping,1,random_forest,combined,sensitivity,6.890944788041549e-06,-0.0018634670349359191,0.002128613443406494,390,13,full_panel
snapping,1,random_forest,combined,specificity,0.0014342076726098526,-0.002399132944357436,0.005696756182740297,390,13,full_panel
snapping,1,random_forest,combined,omission_rate,-6.890944788032876e-06,-0.0021489881089048124,0.0019102663365237285,390,13,full_panel
snapping,1,random_forest,local_only,auc,1.8635323687419492e-05,-0.0011969796213412319,0.0012920730330341005,390,13,full_panel
snapping,1,random_forest,local_only,tss,0.00024359254900761896,-0.003428372032984954,0.0040257543954123716,390,13,full_panel
snapping,1,random_forest,local_only,brier,4.1402821649374936e-05,-0.0007837957724525121,0.0009435178451280624,390,13,full_panel
snapping,1,random_forest,local_only,boyce,0.0006542933495602392,-0.004918933414804604,0.0070273916016332415,390,13,full_panel
snapping,1,random_forest,local_only,sensitivity,0.0006826046786203147,-0.0012124282383212334,0.0034400872675769013,390,13,full_panel
snapping,1,random_forest,local_only,specificity,-0.000439012129612674,-0.004153417318842654,0.003190565984914214,390,13,full_panel
snapping,1,random_forest,local_only,omission_rate,-0.0006826046786203171,-0.003270570946841797,0.0012716121843082781,390,13,full_panel
snapping,1,random_forest,upstream_only,auc,1.5748403265652258e-05,-0.001846981591713758,0.0017578003959885173,390,13,full_panel
snapping,1,random_forest,upstream_only,tss,0.00034904310343407874,-0.004447769981810823,0.0044625306149996095,390,13,full_panel
snapping,1,random_forest,upstream_only,brier,0.00023324719654459327,-0.0003217335870890147,0.0009899666785179355,390,13,full_panel
snapping,1,random_forest,upstream_only,boyce,0.01067056046962255,-0.007587037817265496,0.031354560486054436,390,13,full_panel
snapping,1,random_forest,upstream_only,sensitivity,0.002229333907031574,-0.0036929224342850463,0.009376579579336044,390,13,full_panel
snapping,1,random_forest,upstream_only,specificity,-0.0018802908035975099,-0.009989182436081951,0.004939082444251943,390,13,full_panel
snapping,1,random_forest,upstream_only,omission_rate,-0.0022293339070315506,-0.009138306305038963,0.004236340486322777,390,13,full_panel
snapping,1,xgboost,combined,auc,-0.0002761972963793852,-0.0022747552497684614,0.0016106307825569106,390,13,full_panel
snapping,1,xgboost,combined,tss,0.0011660469007432873,-0.002305398049978524,0.004576789060472237,390,13,full_panel
snapping,1,xgboost,combined,brier,-0.00010155540769676444,-0.0014157523184633797,0.0013223234443439358,390,13,full_panel
snapping,1,xgboost,combined,boyce,0.008230747634313952,-0.006162876517073798,0.02332619973377355,390,13,full_panel
snapping,1,xgboost,combined,sensitivity,0.0015513639882414883,-0.0008152711262637381,0.004332263317168376,390,13,full_panel
snapping,1,xgboost,combined,specificity,-0.00038531708749817324,-0.0036043286700641356,0.002940123179484121,390,13,full_panel
snapping,1,xgboost,combined,omission_rate,-0.001551363988241478,-0.004238002308119732,0.0007693362582200109,390,13,full_panel
snapping,1,xgboost,local_only,auc,-2.5530606543358926e-05,-0.0016988505006294541,0.0015955929704148976,390,13,full_panel
snapping,1,xgboost,local_only,tss,-0.0006583950951346803,-0.004130972306337993,0.002770248933573998,390,13,full_panel
snapping,1,xgboost,local_only,brier,0.00013801298639443138,-0.0011515417007003943,0.0015557653151449056,390,13,full_panel
snapping,1,xgboost,local_only,boyce,-0.001758294089772441,-0.015770095790328655,0.009303341627882492,390,13,full_panel
snapping,1,xgboost,local_only,sensitivity,6.284793613455746e-05,-0.0022106212281259125,0.0024019134038155854,390,13,full_panel
snapping,1,xgboost,local_only,specificity,-0.0007212430312692596,-0.004288223030779037,0.002736706982138078,390,13,full_panel
snapping,1,xgboost,local_only,omission_rate,-6.284793613456199e-05,-0.0023888045600905564,0.0022202818502038623,390,13,full_panel
snapping,1,xgboost,upstream_only,auc,0.0010826942238173559,-0.0006532796319251253,0.0030112801300401703,390,13,full_panel
snapping,1,xgboost,upstream_only,tss,0.00040646676865871065,-0.002013842739136341,0.0034227097131898894,390,13,full_panel
snapping,1,xgboost,upstream_only,brier,-0.00042879825579378533,-0.00151679426272479,0.0005597213265816085,390,13,full_panel
snapping,1,xgboost,upstream_only,boyce,-0.0008601972161616331,-0.019911324791082485,0.018200072611569827,390,13,full_panel
snapping,1,xgboost,upstream_only,sensitivity,-0.00028443830784135313,-0.0035158982247629994,0.0028534827299229668,390,13,full_panel
snapping,1,xgboost,upstream_only,specificity,0.000690905076500097,-0.0030658438551853526,0.004449392783534093,390,13,full_panel
snapping,1,xgboost,upstream_only,omission_rate,0.000284438307841365,-0.0029508655073124733,0.0034868459319653336,390,13,full_panel
snapping,2,maxent,combined,auc,-0.0003264661557793248,-0.002953274871716686,0.002695469497369946,130,13,full_panel
snapping,2,maxent,combined,tss,0.0023240902599799625,-0.003561236884507997,0.00901420209722675,130,13,full_panel
snapping,2,maxent,combined,brier,0.0007374348056989033,-0.0029100245664886847,0.00547959215247505,130,13,full_panel
snapping,2,maxent,combined,boyce,0.022134992550998805,-0.019342271424566435,0.06605606370741766,130,13,full_panel
snapping,2,maxent,combined,sensitivity,0.003358655818941737,-0.004123107906818831,0.012904136677925305,130,13,full_panel
snapping,2,maxent,combined,specificity,-0.0010345655589618198,-0.00701958739908001,0.004063242936771503,130,13,full_panel
snapping,2,maxent,combined,omission_rate,-0.003358655818941734,-0.01260177730614356,0.003989977255646208,130,13,full_panel
snapping,2,maxent,local_only,auc,0.0015804201465455384,-0.0015362453093894616,0.004952880080519393,130,13,full_panel
snapping,2,maxent,local_only,tss,0.005902933773352177,-0.0027457664692971564,0.020012529562870487,130,13,full_panel
snapping,2,maxent,local_only,brier,0.0013878782146523566,-0.002405824114281623,0.0063448021869597976,130,13,full_panel
snapping,2,maxent,local_only,boyce,-0.010602538619401546,-0.07977377616928136,0.04615510406900818,130,13,full_panel
snapping,2,maxent,local_only,sensitivity,0.007796466609671909,-0.0034266444263393626,0.027408691708365168,130,13,full_panel
snapping,2,maxent,local_only,specificity,-0.0018935328363197273,-0.008551532638460004,0.0031458971339553793,130,13,full_panel
snapping,2,maxent,local_only,omission_rate,-0.007796466609671917,-0.027094425518399464,0.003191982361331379,130,13,full_panel
snapping,2,maxent,upstream_only,auc,-0.0020267873596927694,-0.011183313364419432,0.003142155259650321,130,13,full_panel
snapping,2,maxent,upstream_only,tss,0.0082493268120946,-0.006288951614340274,0.03222612800672605,130,13,full_panel
snapping,2,maxent,upstream_only,brier,-0.0004704079884698811,-0.0014122553104854425,0.00044773941031629147,130,13,full_panel
snapping,2,maxent,upstream_only,boyce,0.03221127891607573,-0.013218771177289534,0.08735469645310273,130,13,full_panel
snapping,2,maxent,upstream_only,sensitivity,0.004784973910607498,-0.01023243288244893,0.02989927624041218,130,13,full_panel
snapping,2,maxent,upstream_only,specificity,0.003464352901487084,-0.0011964770443534444,0.011365372814416717,130,13,full_panel
snapping,2,maxent,upstream_only,omission_rate,-0.004784973910607494,-0.030720368504145387,0.010350700090818666,130,13,full_panel
snapping,2,random_forest,combined,auc,-3.179310289184396e-05,-0.0015446561954062764,0.0013821687128293026,390,13,full_panel
snapping,2,random_forest,combined,tss,0.0007499206638488028,-0.0029347851482445396,0.00448573639569388,390,13,full_panel
snapping,2,random_forest,combined,brier,0.00025513384195471634,-0.0005393047293586787,0.0012620309207372299,390,13,full_panel
snapping,2,random_forest,combined,boyce,0.0015053551545463407,-0.005606643967586073,0.008280510623283832,390,13,full_panel
snapping,2,random_forest,combined,sensitivity,0.000983163114195359,-0.0010444680139749538,0.003529740733673529,390,13,full_panel
snapping,2,random_forest,combined,specificity,-0.00023324245034658347,-0.0039534899324245604,0.0034056029000869245,390,13,full_panel
snapping,2,random_forest,combined,omission_rate,-0.0009831631141953507,-0.0034570829019769872,0.0011450362174280616,390,13,full_panel
snapping,2,random_forest,local_only,auc,0.00026243761618225303,-0.00102089165168346,0.0015963782114583628,390,13,full_panel
snapping,2,random_forest,local_only,tss,5.895691328575875e-05,-0.004062132166740775,0.00426783497948528,390,13,full_panel
snapping,2,random_forest,local_only,brier,0.00012430308887160862,-0.0007882425188235632,0.001165773210290123,390,13,full_panel
snapping,2,random_forest,local_only,boyce,-0.00011694172242521335,-0.005978782717458607,0.006740808567464147,390,13,full_panel
snapping,2,random_forest,local_only,sensitivity,0.0008132975120624634,-0.0013688775740630175,0.0037247814106053756,390,13,full_panel
snapping,2,random_forest,local_only,specificity,-0.0007543405987766761,-0.00475126343517671,0.0030897228779106166,390,13,full_panel
snapping,2,random_forest,local_only,omission_rate,-0.0008132975120624666,-0.00387693101581646,0.0013162573376919527,390,13,full_panel
snapping,2,random_forest,upstream_only,auc,0.0008621072781415654,-0.0014045390765755608,0.0032455650870747985,390,13,full_panel
snapping,2,random_forest,upstream_only,tss,0.0010448218673551157,-0.004800633314290714,0.006089997323430104,390,13,full_panel
snapping,2,random_forest,upstream_only,brier,3.909221689367165e-05,-0.0006202787608280916,0.00074728854940919,390,13,full_panel
snapping,2,random_forest,upstream_only,boyce,0.012247378487747818,-0.0067248573411581615,0.034558489267703045,390,13,full_panel
snapping,2,random_forest,upstream_only,sensitivity,0.00295294689940967,-0.0040612967044721775,0.010656133473037245,390,13,full_panel
snapping,2,random_forest,upstream_only,specificity,-0.0019081250320545505,-0.010779479134066306,0.005972921991791531,390,13,full_panel
snapping,2,random_forest,upstream_only,omission_rate,-0.0029529468994096463,-0.010221738424461228,0.0038415615868676346,390,13,full_panel
snapping,2,xgboost,combined,auc,-0.0005298879359347768,-0.0025199990026619798,0.0014813405609126287,390,13,full_panel
snapping,2,xgboost,combined,tss,0.00026259104318754664,-0.0031886222415803095,0.0038159888836769885,390,13,full_panel
snapping,2,xgboost,combined,brier,0.00022828994290470292,-0.001497714637745824,0.0020036471307158838,390,13,full_panel
snapping,2,xgboost,combined,boyce,0.004945010296275242,-0.008713272515933186,0.023455450266302354,390,13,full_panel
snapping,2,xgboost,combined,sensitivity,0.0011032016727122204,-0.0016338077927617036,0.004421360785297139,390,13,full_panel
snapping,2,xgboost,combined,specificity,-0.000840610629524637,-0.004628175279359723,0.002574851394995809,390,13,full_panel
snapping,2,xgboost,combined,omission_rate,-0.001103201672712211,-0.004560804496929446,0.001558732824396207,390,13,full_panel
snapping,2,xgboost,local_only,auc,4.809726749411527e-06,-0.0015706225191094002,0.0016562523912220777,390,13,full_panel
snapping,2,xgboost,local_only,tss,-0.0008162880669876644,-0.00417016103978345,0.002543316092965647,390,13,full_panel
snapping,2,xgboost,local_only,brier,0.00014671519471874417,-0.0012239752762554133,0.0017057256217066093,390,13,full_panel
snapping,2,xgboost,local_only,boyce,-0.00021859839539322865,-0.012987456087469271,0.012020375295277852,390,13,full_panel
snapping,2,xgboost,local_only,sensitivity,-0.00027676704859534273,-0.0028486613620519793,0.002238684167576126,390,13,full_panel
snapping,2,xgboost,local_only,specificity,-0.0005395210183923525,-0.004272670778872492,0.0028451810063799122,390,13,full_panel
snapping,2,xgboost,local_only,omission_rate,0.00027676704859533666,-0.002351450520875055,0.002965587217795405,390,13,full_panel
snapping,2,xgboost,upstream_only,auc,0.001820234932882026,-0.0006000574267345119,0.004377824583652059,390,13,full_panel
snapping,2,xgboost,upstream_only,tss,0.0008795133053676201,-0.0018853151265585616,0.003936007798588157,390,13,full_panel
snapping,2,xgboost,upstream_only,brier,-0.000336145653717313,-0.00140173148266641,0.0008875940462166716,390,13,full_panel
snapping,2,xgboost,upstream_only,boyce,0.0026524641468470248,-0.016696072178405467,0.02409294170978075,390,13,full_panel
snapping,2,xgboost,upstream_only,sensitivity,-0.00019998374374905018,-0.003747889146378761,0.0038787869987537385,390,13,full_panel
snapping,2,xgboost,upstream_only,specificity,0.0010794970491166895,-0.003379050207856512,0.005090843550770775,390,13,full_panel
snapping,2,xgboost,upstream_only,omission_rate,0.00019998374374906354,-0.004161549766850545,0.0034587149044602605,390,13,full_panel
snapping,5,maxent,combined,auc,0.0004003627712577708,-0.003340193886332172,0.004606866192656246,130,13,full_panel
snapping,5,maxent,combined,tss,0.004401742693325875,-0.0034836140759304025,0.013738629871132885,130,13,full_panel
snapping,5,maxent,combined,brier,7.372787820236339e-05,-0.005222031543019318,0.0058402354226583155,130,13,full_panel
snapping,5,maxent,combined,boyce,0.03566599953603961,-0.0033648575754164334,0.07916585351473673,130,13,full_panel
snapping,5,maxent,combined,sensitivity,0.00439379058897219,-0.005685621084362886,0.01848213381725584,130,13,full_panel
snapping,5,maxent,combined,specificity,7.952104353646957e-06,-0.006790059150022975,0.007093008345840948,130,13,full_panel
snapping,5,maxent,combined,omission_rate,-0.004393790588972187,-0.01926177967717739,0.005564454322317179,130,13,full_panel
snapping,5,maxent,local_only,auc,0.0012839150616391572,-0.0033412226479253315,0.006474712476952604,130,13,full_panel
snapping,5,maxent,local_only,tss,0.003150458365231525,-0.007535570821308831,0.01958448137218769,130,13,full_panel
snapping,5,maxent,local_only,brier,0.0007404364936729954,-0.0038788275711608973,0.005912582208053072,130,13,full_panel
snapping,5,maxent,local_only,boyce,-0.015535830006819535,-0.06399332195133374,0.03535532302891966,130,13,full_panel
snapping,5,maxent,local_only,sensitivity,0.004113240470200948,-0.009124658826811903,0.025471688581334632,130,13,full_panel
snapping,5,maxent,local_only,specificity,-0.0009627821049694265,-0.007921278066596217,0.004654848982977804,130,13,full_panel
snapping,5,maxent,local_only,omission_rate,-0.0041132404702009535,-0.02483072106035068,0.00944180132413058,130,13,full_panel
snapping,5,maxent,upstream_only,auc,0.00420817071907468,-0.0011434218324508595,0.00989752579784121,130,13,full_panel
snapping,5,maxent,upstream_only,tss,0.010429339350971154,-0.0040605456318512975,0.03191823051801457,130,13,full_panel
snapping,5,maxent,upstream_only,brier,-0.00098323975154346,-0.00256565529722781,0.0006719664605974524,130,13,full_panel
snapping,5,maxent,upstream_only,boyce,0.017184058560549276,-0.040724471042421426,0.07949772017621133,130,13,full_panel
snapping,5,maxent,upstream_only,sensitivity,0.004372755491750912,-0.011884033547551793,0.02974752219293442,130,13,full_panel
snapping,5,maxent,upstream_only,specificity,0.006056583859220219,-0.0006972983542034014,0.016030620497083443,130,13,full_panel
snapping,5,maxent,upstream_only,omission_rate,-0.004372755491750909,-0.029143350706830065,0.012108542690516292,130,13,full_panel
snapping,5,random_forest,combined,auc,2.986751940383816e-05,-0.001877311191431762,0.0018159164302204802,390,13,full_panel
snapping,5,random_forest,combined,tss,0.0033057743380891344,-0.0015595672770292446,0.00872538542260598,390,13,full_panel
snapping,5,random_forest,combined,brier,-0.0001134014483301526,-0.0015313540724726596,0.0016032557049582528,390,13,full_panel
snapping,5,random_forest,combined,boyce,0.009675606369878513,-0.0014101900527463845,0.02716410067308058,390,13,full_panel
snapping,5,random_forest,combined,sensitivity,0.002389261639563099,-0.0018694521103544428,0.008818390999618349,390,13,full_panel
snapping,5,random_forest,combined,specificity,0.0009165126985260101,-0.0034289369440211777,0.0055569532321735945,390,13,full_panel
snapping,5,random_forest,combined,omission_rate,-0.0023892616395630897,-0.008699038716136406,0.001800804524783929,390,13,full_panel
snapping,5,random_forest,local_only,auc,3.645755433021317e-05,-0.0017353613415354986,0.0017993682730545375,390,13,full_panel
snapping,5,random_forest,local_only,tss,0.002183770114229322,-0.0033915316612515988,0.008646712619581325,390,13,full_panel
snapping,5,random_forest,local_only,brier,0.0002608457997980969,-0.001378230841421592,0.002304308747076855,390,13,full_panel
snapping,5,random_forest,local_only,boyce,0.004016962714335052,-0.0033610363508091864,0.01606350365027762,390,13,full_panel
snapping,5,random_forest,local_only,sensitivity,0.003454678932097305,-0.0012444961906527157,0.011528902740680065,390,13,full_panel
snapping,5,random_forest,local_only,specificity,-0.0012709088178679633,-0.005874017955942839,0.0033940509075892585,390,13,full_panel
snapping,5,random_forest,local_only,omission_rate,-0.0034546789320973074,-0.011189844927759018,0.0011528552357112024,390,13,full_panel
snapping,5,random_forest,upstream_only,auc,0.0027225622198706837,-0.0013252467369822163,0.007200542586498144,390,13,full_panel
snapping,5,random_forest,upstream_only,tss,0.002927993748698013,-0.005818108174548415,0.011283773144837334,390,13,full_panel
snapping,5,random_forest,upstream_only,brier,0.00018019227865421426,-0.0006943638613405528,0.0012466494941813329,390,13,full_panel
snapping,5,random_forest,upstream_only,boyce,0.02621880132932201,0.0006098348446097527,0.059512804750678557,390,13,full_panel
snapping,5,random_forest,upstream_only,sensitivity,0.011340377533219285,-4.3005933897972e-05,0.023352926677582757,390,13,full_panel
snapping,5,random_forest,upstream_only,specificity,-0.008412383784521265,-0.024821575898219633,0.004587509252405617,390,13,full_panel
snapping,5,random_forest,upstream_only,omission_rate,-0.01134037753321926,-0.023857409125650778,-7.94904569488798e-05,390,13,full_panel
snapping,5,xgboost,combined,auc,-0.0005896050445772817,-0.0027324829916877363,0.0014393533291879787,390,13,full_panel
snapping,5,xgboost,combined,tss,0.00030074617012561256,-0.005834313897864057,0.0057105328313893835,390,13,full_panel
snapping,5,xgboost,combined,brier,0.000523119747529074,-0.002382092220487309,0.00419306759361255,390,13,full_panel
snapping,5,xgboost,combined,boyce,0.009931742906163752,-0.010407733994492201,0.037186231271794594,390,13,full_panel
snapping,5,xgboost,combined,sensitivity,0.0028742651874660496,-0.0009460311172758204,0.008055587052347449,390,13,full_panel
snapping,5,xgboost,combined,specificity,-0.0025735190173404145,-0.009459801088114821,0.002829444561438795,390,13,full_panel
snapping,5,xgboost,combined,omission_rate,-0.0028742651874660388,-0.008139745224086451,0.0009209767156799777,390,13,full_panel
snapping,5,xgboost,local_only,auc,-0.00015120583674177598,-0.001991732006817897,0.0016837401468381764,390,13,full_panel
snapping,5,xgboost,local_only,tss,-0.00035780648915776536,-0.006140057636498917,0.004613729573366833,390,13,full_panel
snapping,5,xgboost,local_only,brier,0.000774071224931297,-0.0019030694212985016,0.004314206557052069,390,13,full_panel
snapping,5,xgboost,local_only,boyce,0.0065627861382531235,-0.009117460348815094,0.02430472840550321,390,13,full_panel
snapping,5,xgboost,local_only,sensitivity,0.002293916797184141,-0.0013765005774248821,0.007253435834441282,390,13,full_panel
snapping,5,xgboost,local_only,specificity,-0.002651723286341939,-0.008956428507466876,0.002179016415847532,390,13,full_panel
snapping,5,xgboost,local_only,omission_rate,-0.0022939167971841473,-0.006743742935137831,0.0013129511820171775,390,13,full_panel
snapping,5,xgboost,upstream_only,auc,0.0034955296757332396,-0.0007515486838248855,0.008208488949656824,390,13,full_panel
snapping,5,xgboost,upstream_only,tss,-0.00034490411928388224,-0.0053514292400334285,0.004059291047564243,390,13,full_panel
snapping,5,xgboost,upstream_only,brier,-0.0005271579142966729,-0.0018643117519978871,0.0009788529325704296,390,13,full_panel
snapping,5,xgboost,upstream_only,boyce,0.00648599250426469,-0.021030639656539032,0.0451443468293756,390,13,full_panel
snapping,5,xgboost,upstream_only,sensitivity,0.00019418069139861305,-0.007367108879165305,0.010303628710096964,390,13,full_panel
snapping,5,xgboost,upstream_only,specificity,-0.0005390848106824756,-0.00985480908232381,0.006278283007052914,390,13,full_panel
snapping,5,xgboost,upstream_only,omission_rate,-0.00019418069139860128,-0.011302512165629016,0.007327564342173926,390,13,full_panel
snapping,10,maxent,combined,auc,0.005227699896639966,-0.00018543327872811463,0.013016476890854028,50,5,reduced_panel
snapping,10,maxent,combined,tss,0.003344185878727433,-0.010842284786940791,0.018208293771608916,50,5,reduced_panel
snapping,10,maxent,combined,brier,-0.003264578896180019,-0.00813920657125311,0.0013397971617730587,50,5,reduced_panel
snapping,10,maxent,combined,boyce,0.002033805496692897,-0.059703257498075896,0.08063256956481514,50,5,reduced_panel
snapping,10,maxent,combined,sensitivity,-0.0013182798354435068,-0.017208531879480918,0.01544545923049629,50,5,reduced_panel
snapping,10,maxent,combined,specificity,0.004662465714170965,-0.0010763519831600114,0.010312946164695965,50,5,reduced_panel
snapping,10,maxent,combined,omission_rate,0.0013182798354435207,-0.014791040277080008,0.016677441348598904,50,5,reduced_panel
snapping,10,maxent,local_only,auc,0.004785031893855869,0.0007027662828573716,0.01108934972487361,50,5,reduced_panel
snapping,10,maxent,local_only,tss,0.004703750077975795,-0.003641639600466173,0.013926050162870648,50,5,reduced_panel
snapping,10,maxent,local_only,brier,-0.0019531177047773692,-0.007854070116182187,0.00479252320754395,50,5,reduced_panel
snapping,10,maxent,local_only,boyce,0.019808228820849975,-0.034978990584343096,0.07428948567727243,50,5,reduced_panel
snapping,10,maxent,local_only,sensitivity,0.0015622052614523295,-0.010642471656324455,0.01617555468192468,50,5,reduced_panel
snapping,10,maxent,local_only,specificity,0.003141544816523469,-0.00582844797419854,0.010148458976054445,50,5,reduced_panel
snapping,10,maxent,local_only,omission_rate,-0.001562205261452328,-0.016289868622012996,0.010674396142686072,50,5,reduced_panel
snapping,10,maxent,upstream_only,auc,0.009915077553115773,0.006534436178638969,0.012707526948252489,50,5,reduced_panel
snapping,10,maxent,upstream_only,tss,0.005411959767519599,-0.0013033125117161138,0.01307865924876063,50,5,reduced_panel
snapping,10,maxent,upstream_only,brier,-0.0034614188510330296,-0.006292814619765957,-0.0011055454416174764,50,5,reduced_panel
snapping,10,maxent,upstream_only,boyce,0.03754099814770202,-0.039519196944348293,0.12420266945806367,50,5,reduced_panel
snapping,10,maxent,upstream_only,sensitivity,-0.00721544667161414,-0.01865091596792353,-0.0001924366529419211,50,5,reduced_panel
snapping,10,maxent,upstream_only,specificity,0.012627406439133728,0.0009661047276530438,0.030696629123726674,50,5,reduced_panel
snapping,10,maxent,upstream_only,omission_rate,0.007215446671614166,9.771454655044293e-05,0.018473485485461266,50,5,reduced_panel
snapping,10,random_forest,combined,auc,0.001378869180670384,-0.00186406553486073,0.004624112575005406,150,5,reduced_panel
snapping,10,random_forest,combined,tss,0.004695044099156401,-0.0004604627296618739,0.01109838402934237,150,5,reduced_panel
snapping,10,random_forest,combined,brier,-0.000981669935986117,-0.002102181558247617,-3.2979315273970705e-05,150,5,reduced_panel
snapping,10,random_forest,combined,boyce,0.0019767261151744293,-0.0059037944530713265,0.009333509798665592,150,5,reduced_panel
snapping,10,random_forest,combined,sensitivity,0.0042335011239547915,-0.0007066687579373828,0.010412039284451294,150,5,reduced_panel
snapping,10,random_forest,combined,specificity,0.0004615429752015624,-0.004006787028933645,0.004714160214027876,150,5,reduced_panel
snapping,10,random_forest,combined,omission_rate,-0.0042335011239547915,-0.01073405722028621,0.0008470252535928162,150,5,reduced_panel
snapping,10,random_forest,local_only,auc,0.0016119692527303254,-0.0014320280611054394,0.004742408737443964,150,5,reduced_panel
snapping,10,random_forest,local_only,tss,0.0034421898317103855,-0.002255228789398345,0.009878076666399341,150,5,reduced_panel
snapping,10,random_forest,local_only,brier,-0.0009267471801494571,-0.0021856732504510487,0.0002029887726321045,150,5,reduced_panel
snapping,10,random_forest,local_only,boyce,-0.0004781541844689381,-0.00661306691996299,0.004783829033893837,150,5,reduced_panel
snapping,10,random_forest,local_only,sensitivity,0.004746473467557565,-0.00039162087877883423,0.012854784565599915,150,5,reduced_panel
snapping,10,random_forest,local_only,specificity,-0.0013042836358471463,-0.005969680926993027,0.0031237511986158878,150,5,reduced_panel
snapping,10,random_forest,local_only,omission_rate,-0.004746473467557603,-0.012761322450900277,0.00038103574994011077,150,5,reduced_panel
snapping,10,random_forest,upstream_only,auc,0.01075698308316252,0.005696569711456793,0.015016899222148607,150,5,reduced_panel
snapping,10,random_forest,upstream_only,tss,0.02246640003235178,0.011739854244774754,0.034132584270495155,150,5,reduced_panel
snapping,10,random_forest,upstream_only,brier,-0.001448244986162582,-0.0024721738462340722,-0.0004933973911041626,150,5,reduced_panel
snapping,10,random_forest,upstream_only,boyce,0.024094278668697656,-0.015486435213534152,0.06171396917558821,150,5,reduced_panel
snapping,10,random_forest,upstream_only,sensitivity,0.028862797438355292,0.004284686966894477,0.056320121277462575,150,5,reduced_panel
snapping,10,random_forest,upstream_only,specificity,-0.006396397406003546,-0.025689008798280677,0.01308124752402578,150,5,reduced_panel
snapping,10,random_forest,upstream_only,omission_rate,-0.028862797438355292,-0.05621841712735321,-0.004589003264018722,150,5,reduced_panel
snapping,10,xgboost,combined,auc,0.0008264139155437896,-0.0017752281984093168,0.0032165553899833514,150,5,reduced_panel
snapping,10,xgboost,combined,tss,0.0035407666535562216,-0.001251147796875906,0.008896930673196076,150,5,reduced_panel
snapping,10,xgboost,combined,brier,-0.0005481964084913726,-0.002301681348506577,0.0009028291964139533,150,5,reduced_panel
snapping,10,xgboost,combined,boyce,-0.007663245218241034,-0.03306763306411872,0.013718214819727771,150,5,reduced_panel
snapping,10,xgboost,combined,sensitivity,0.0033598211282571274,-0.0007420447682045979,0.00820929120746518,150,5,reduced_panel
snapping,10,xgboost,combined,specificity,0.00018094552529914618,-0.0038882061389685025,0.0040167512644162205,150,5,reduced_panel
snapping,10,xgboost,combined,omission_rate,-0.003359821128257089,-0.008026383422173839,0.0007812588889210399,150,5,reduced_panel
snapping,10,xgboost,local_only,auc,0.0011731070638546631,-0.0014520259844495221,0.004208338978219337,150,5,reduced_panel
snapping,10,xgboost,local_only,tss,0.003264466136051862,-0.0020480309853279388,0.009135941937296528,150,5,reduced_panel
snapping,10,xgboost,local_only,brier,-0.0011427036835146463,-0.0033765354341888433,0.0006971868364286167,150,5,reduced_panel
snapping,10,xgboost,local_only,boyce,-0.00974600301199684,-0.03300357610109046,0.013229938632190245,150,5,reduced_panel
snapping,10,xgboost,local_only,sensitivity,0.0027704401818623324,-0.0014097753217376997,0.00751987968556557,150,5,reduced_panel
snapping,10,xgboost,local_only,specificity,0.0004940259541894602,-0.0036233835088927877,0.00549151134687733,150,5,reduced_panel
snapping,10,xgboost,local_only,omission_rate,-0.00277044018186236,-0.007425040255162262,0.0014330365133135143,150,5,reduced_panel
snapping,10,xgboost,upstream_only,auc,0.010482464235560277,0.004850186912758238,0.015254085048960997,150,5,reduced_panel
snapping,10,xgboost,upstream_only,tss,0.008552914284167476,0.00348140136136958,0.013754359398096133,150,5,reduced_panel
snapping,10,xgboost,upstream_only,brier,-0.001841791057716453,-0.003900965021356419,-0.0002939730236392541,150,5,reduced_panel
snapping,10,xgboost,upstream_only,boyce,0.04326321057519151,-0.014659675447849928,0.10905108742415671,150,5,reduced_panel
snapping,10,xgboost,upstream_only,sensitivity,0.028948370524148715,-0.0024191507914235,0.08375194796438992,150,5,reduced_panel
snapping,10,xgboost,upstream_only,specificity,-0.020395456239981208,-0.07510784426139437,0.010767593588644863,150,5,reduced_panel
snapping,10,xgboost,upstream_only,omission_rate,-0.02894837052414868,-0.0831104502570334,0.002424848022093941,150,5,reduced_panel
