entity,algorithm,track,axis,level,replicate,seed,status,n_folds_completed,n_features,benchmark_presence_n,contrast_pool_n,accessible_area_segment_count,reference_set_n,eval_mode,cv_auc,cv_auc_unweighted,cv_brier,cv_brier_unweighted,cv_sensitivity,cv_sensitivity_unweighted,cv_specificity,cv_specificity_unweighted,cv_tss,cv_tss_unweighted,cv_boyce,cv_boyce_unweighted,cv_omission_rate,auc,brier,sensitivity,specificity,tss,boyce,omission_rate,species,category,entity_type,n_experiment,grid_id,importance_spearman,importance_jaccard_top5,importance_jaccard_top10,niche_centroid_disp,niche_breadth_change,CLI_shift,LAC_shift,SOL_shift,TOP_shift,domain_rank_stability,schoener_d,warren_i,threshold_max_sss,threshold_p10,range_area_pct_change_03,range_area_pct_change_07,range_area_pct_change_maxsss,range_area_pct_change_p10,range_area_pct_change_maxsss_fix,suitability_mad,suitability_mean_shift,range_area_pct_change_05,gain_segments,loss_segments,stable_segments
Austropotamobius torrentium (pooled),random_forest,combined,benchmark,0,0,3716260345,ok,5,296,880,11872,11872,152,reference_set,0.8871527501666047,0.8896284208200264,0.16061572690763057,0.18886751833015802,0.7844945365347323,0.6627833229168874,0.7936338565282914,0.8047017797017798,0.5781283930630239,0.4674851026186671,0.9604759638774522,0.8877901404349897,0.21550546346526767,0.8886818498191233,0.07670161177644712,0.6907894736842105,0.8993429919137467,0.5901324655979572,0.9999999999999999,0.3092105263157895,Austropotamobius torrentium,regional,DUAL,880,B,,,,,,,,,,,,,,,,,,,,,,,,,
Austropotamobius torrentium (pooled),random_forest,combined,benchmark,0,1,2160688974,ok,5,296,880,11872,11872,152,reference_set,0.8784443776387445,0.8780754751044931,0.16450865725578773,0.18771446396382765,0.7831466347960047,0.6791083080866931,0.7884116747098863,0.8139637571937517,0.5715583095058909,0.4930720652804448,0.8903215920401671,0.7107201956250326,0.21685336520399534,0.8919976459426868,0.07212636526946108,0.7105263157894737,0.9120619946091644,0.622588310398638,0.9757575757575757,0.2894736842105263,Austropotamobius torrentium,regional,DUAL,880,B,,,,,,,,,,,,,,,,,,,,,,,,,
Austropotamobius torrentium (pooled),random_forest,combined,benchmark,0,2,919572073,ok,5,296,880,11872,11872,152,reference_set,0.8751835174282216,0.8794239997604997,0.16652569819819815,0.18918060682113824,0.7611424330174331,0.670295650515879,0.7952210895759282,0.8393290128279342,0.5563635225933614,0.5096246633438131,0.9366851012248806,0.813224861059292,0.23885756698256688,0.893991778532416,0.07290515502328676,0.6907894736842105,0.9068396226415094,0.5976290963257198,0.9878787878787878,0.3092105263157895,Austropotamobius torrentium,regional,DUAL,880,B,,,,,,,,,,,,,,,,,,,,,,,,,
Austropotamobius torrentium (pooled),random_forest,combined,benchmark,0,3,3750381766,ok,5,296,880,11872,11872,152,reference_set,0.8791378010003683,0.8830867504160735,0.164501718552556,0.18258194771886957,0.7424125739923197,0.6550424381898688,0.800526758310079,0.888433810859771,0.5429393323023989,0.5434762490496399,0.9187736647591285,0.7576057805305666,0.25758742600768025,0.8903767378351539,0.07248321656686627,0.7171052631578947,0.9088611859838275,0.6259664491417221,0.9878787878787878,0.2828947368421053,Austropotamobius torrentium,regional,DUAL,880,B,,,,,,,,,,,,,,,,,,,,,,,,,
Austropotamobius torrentium (pooled),random_forest,combined,benchmark,0,4,3880378540,ok,5,296,880,11872,11872,152,reference_set,0.8751461807077295,0.8482847277194276,0.16736521709401708,0.20219106072069354,0.7393866014430861,0.6451175954958581,0.8105850165374117,0.8375763265465783,0.5499716179804975,0.48269392204243644,0.9548224945120909,0.8522920307130217,0.2606133985569139,0.8899425561249822,0.0744552870924817,0.7236842105263158,0.9037230458221024,0.6274072563484183,0.9878787878787878,0.2763157894736842,Austropotamobius torrentium,regional,DUAL,880,B,,,,,,,,,,,,,,,,,,,,,,,,,
Austropotamobius torrentium (pooled),random_forest,combined,benchmark,0,5,2679082170,ok,5,296,880,11872,11872,152,reference_set,0.8898766442583277,0.8501808361945942,0.1559479910414334,0.18688017790432554,0.8053007780063213,0.690433849388784,0.7941586025974405,0.8120242763772175,0.5994593806037618,0.5024581257660017,0.8904987088239052,0.6437654076941485,0.19469922199367873,0.8885920764470138,0.078081000332668,0.7039473684210527,0.898921832884097,0.6028692013051495,0.9878787878787878,0.29605263157894735,Austropotamobius torrentium,regional,DUAL,880,B,,,,,,,,,,,,,,,,,,,,,,,,,
Austropotamobius torrentium (pooled),random_forest,combined,benchmark,0,6,33156149,ok,5,296,880,11872,11872,152,reference_set,0.897968670764413,0.8895894700899254,0.15093185185185184,0.17487575853429077,0.7802573684924827,0.6738903969195567,0.8162660373279731,0.7707459024622754,0.5965234058204559,0.4446362993818321,0.9567232759074548,0.8334176239152027,0.21974263150751727,0.8808239089764506,0.07901108416500333,0.7039473684210527,0.8930256064690026,0.5969729748900554,0.9999999999999999,0.29605263157894735,Austropotamobius torrentium,regional,DUAL,880,B,,,,,,,,,,,,,,,,,,,,,,,,,
Austropotamobius torrentium (pooled),random_forest,combined,benchmark,0,7,2029980117,ok,5,296,880,11872,11872,152,reference_set,0.8828906479679643,0.8757305948268685,0.157119231981982,0.17619483750430934,0.782679451658219,0.6694568176521685,0.7656533925951974,0.679105264039829,0.5483328442534164,0.3485620816919973,0.8717974421333154,0.7107163851581251,0.21732054834178105,0.890404168587743,0.07432328443113773,0.7039473684210527,0.9027964959568733,0.6067438643779259,0.9999999999999999,0.29605263157894735,Austropotamobius torrentium,regional,DUAL,880,B,,,,,,,,,,,,,,,,,,,,,,,,,
Austropotamobius torrentium (pooled),random_forest,combined,snapping,1,0,3424243180,ok,5,296,880,11872,11872,152,reference_set,0.8827194374040641,0.882103748990378,0.16251872004945583,0.19179778716934764,0.7820707826452286,0.660925524776823,0.7973996584151488,0.8211880711880711,0.5794704410603774,0.48211359596489417,0.9880872503105225,0.9553701201411,0.21792921735477144,0.8929790573130941,0.07675525133315757,0.7039473684210527,0.8984164420485176,0.6023638104695701,0.9999999999999999,0.29605263157894735,Austropotamobius torrentium,regional,DUAL,880,B,0.975806621796826,1.0,0.6666666666666666,1569271.8048021886,-1702.1347158341669,-0.0037562593812338063,-0.0010086576174945482,0.005362357986217314,-0.0005974409874889841,1.0,0.9569982070480184,0.9970174607792621,0.714,0.832,-0.1226993865030675,-0.42643923240938164,-0.45871559633027525,3.4782608695652173,-0.45871559633027525,0.014746918720318317,0.0010626925298421253,0.9205020920502093,71.0,60.0,1135.0
Austropotamobius torrentium (pooled),random_forest,combined,snapping,1,1,1007923265,ok,5,296,880,11872,11872,152,reference_set,0.8722986045890467,0.8657136760425873,0.16617511783019895,0.19070343334221507,0.7944082269519968,0.6848413168445742,0.7614047109560323,0.7260693569014341,0.5558129379080292,0.4109106737460085,0.8877507742890418,0.6979466099961095,0.20559177304800325,0.89079069282877,0.07261737658017299,0.6973684210526315,0.9125673854447439,0.6099358064973754,0.9636363636363635,0.3026315789473685,Austropotamobius torrentium,regional,DUAL,880,B,0.9772190217595969,1.0,0.6666666666666666,825973.7973467374,-3410.1934339501895,-0.004811698013205801,0.0012358966818701057,0.0017148214750146162,0.0018609798563210544,1.0,0.9544607935762367,0.9967609578998162,0.702,0.842,-2.236024844720497,0.0,-0.7537688442211055,-0.5714285714285714,-0.7537688442211055,0.015363376010781672,0.002424359838274933,-0.5747126436781609,61.0,67.0,977.0
Austropotamobius torrentium (pooled),random_forest,combined,snapping,1,2,3162628057,ok,5,296,880,11872,11872,152,reference_set,0.8756922329778835,0.8752712174164445,0.16728295202703855,0.19263563134785058,0.7696073305448305,0.671955266955267,0.7916944465170404,0.8332036641987702,0.5613017770618709,0.5051589311540371,0.9332910401451369,0.790613612875096,0.23039266945516945,0.8907208690949071,0.07433144247747514,0.6842105263157895,0.9043126684636119,0.5885231947794014,0.9999999999999999,0.3157894736842105,Austropotamobius torrentium,regional,DUAL,880,B,0.9809751909991485,1.0,0.5384615384615384,1088810.1306191096,-2307.0907627115957,-0.003464085103833725,-2.6972737003222447e-06,0.0023555898593395908,0.001111192518194526,1.0,0.9561221901575719,0.9970622114450512,0.682,0.836,0.8064516129032258,4.491725768321513,5.986696230598669,2.525252525252525,5.986696230598669,0.01498723326594789,0.0015601491304068793,2.7124773960216997,85.0,55.0,1051.0
Austropotamobius torrentium (pooled),random_forest,combined,snapping,1,3,2068552428,ok,5,296,880,11872,11872,152,reference_set,0.8824112764800858,0.8955386920593129,0.16324827740007056,0.18062593456499007,0.7599013162673748,0.6593340269712221,0.8067904632255637,0.8894085611877198,0.5666917794929384,0.5487425881589421,0.877664553556994,0.6365340053872129,0.24009868373262522,0.8914055295963967,0.0733352055975087,0.7236842105263158,0.9059973045822103,0.6296815151085262,0.9878787878787878,0.2763157894736842,Austropotamobius torrentium,regional,DUAL,880,B,0.9760904781513698,0.6666666666666666,1.0,1763260.0463963272,922.1679596179165,0.005920341685365482,0.001948381185762526,0.001812960598239266,-0.009681683469367208,1.0,0.9573669301451704,0.9973005255644463,0.7081395697848922,0.84,0.13227513227513227,3.4403669724770642,4.275534441805226,6.220095693779904,4.275534441805226,0.014346530050699526,0.0010433476928507252,3.1423290203327174,91.0,57.0,1025.0
Austropotamobius torrentium (pooled),random_forest,combined,snapping,1,4,2977487446,ok,5,296,880,11872,11872,152,reference_set,0.8668923858085097,0.8306525482506606,0.1706795072111573,0.20615051221809902,0.7473915658931587,0.6528322655657116,0.7878835425569853,0.7711570860959365,0.5352751084501438,0.4239893516616481,0.8192120577258284,0.4856271851063334,0.2526084341068413,0.8925432131330686,0.07539935695276115,0.7105263157894737,0.9036388140161725,0.6141651298056461,0.9999999999999999,0.2894736842105263,Austropotamobius torrentium,regional,DUAL,880,B,0.972541817603422,1.0,0.8181818181818182,4405044.2738609295,331.740382428281,-0.008179519837430593,-0.001836247683734294,0.005842752352236941,0.004173015168928096,1.0,0.9532510634553593,0.9966195187303691,0.682,0.8378,1.2043189368770766,1.4251781472684086,0.0,1.5706806282722512,0.0,0.015929245283018867,0.004224393530997305,0.08748906386701663,66.0,65.0,1078.0
Austropotamobius torrentium (pooled),random_forest,combined,snapping,1,5,2701947912,ok,5,296,880,11872,11872,152,reference_set,0.8898066234329796,0.8503491295111907,0.15578962939719962,0.1842963510314469,0.7978457740761841,0.6944101349076879,0.7952415665781056,0.8123510737628384,0.5930873406542897,0.5067612086705263,0.9170396080524167,0.7001521043760965,0.20215422592381593,0.8912121289367286,0.07755789554224883,0.6973684210526315,0.8995956873315364,0.5969641083841679,0.9999999999999999,0.3026315789473685,Austropotamobius torrentium,regional,DUAL,880,B,0.9832568042955011,1.0,0.6666666666666666,554493.9349376581,4066.174507454969,-0.0022418086172479312,0.001168470151040022,-0.0019961086646761994,0.00306944713088414,1.0,0.9585515912289571,0.9972906164759869,0.7,0.8378,-1.0734929810074318,-2.6615969581749046,-2.6615969581749046,-0.4166666666666667,-2.6615969581749046,0.014258928571428572,-0.00040448113207547143,-0.6666666666666667,62.0,70.0,1130.0
Austropotamobius torrentium (pooled),random_forest,combined,snapping,1,6,3008619165,ok,5,296,880,11872,11872,152,reference_set,0.8910697982860043,0.8787941403813289,0.15333374262177843,0.17646510038128219,0.7736343336389381,0.680259493857444,0.8072492862970045,0.757216068695821,0.5808836199359426,0.4374755625532652,0.8206886521473787,0.5635153174790155,0.22636566636106192,0.8858769860973188,0.07942454590818362,0.6907894736842105,0.8920990566037735,0.582888530287984,0.9878787878787878,0.3092105263157895,Austropotamobius torrentium,regional,DUAL,880,B,0.9753915941492318,1.0,0.5384615384615384,1305148.7798995466,-2899.3093788507394,-0.006706336494425813,0.00033016204937501986,0.003425140341265537,0.0029510341037852217,1.0,0.9599953419528114,0.9974241037586583,0.71,0.8418,0.8522727272727272,-1.3513513513513513,0.4056795131845842,2.1739130434782608,0.4056795131845842,0.013838443396226417,0.0007484838274932614,0.8661417322834646,71.0,60.0,1210.0
Austropotamobius torrentium (pooled),random_forest,combined,snapping,1,7,1469683574,ok,5,296,880,11872,11872,152,reference_set,0.8809379149851313,0.8609172685116064,0.15479167371060198,0.17436614313400148,0.7860955720840843,0.6659844707609153,0.7617573640701212,0.6755801403967377,0.5478529361542057,0.3415646111576531,0.9077676119261231,0.7146308638413593,0.21390442791591568,0.8880922271776138,0.07474259614105123,0.7039473684210527,0.901027628032345,0.6049749964533977,0.9878787878787878,0.29605263157894735,Austropotamobius torrentium,regional,DUAL,880,B,0.969279969977248,0.6666666666666666,0.6666666666666666,1615768.3694535866,1723.8517462639138,0.007211588729683749,-0.0007525729731024458,-0.0011681183288001218,-0.005290897427781216,1.0,0.9567807843439018,0.9971711092538684,0.712,0.84,0.2569593147751606,2.9082774049217,2.380952380952381,3.125,2.380952380952381,0.014683456873315364,0.00023231132075471705,1.8197573656845754,83.0,62.0,1092.0
Austropotamobius torrentium (pooled),random_forest,combined,snapping,2,0,3711836066,ok,5,296,880,11872,11872,152,reference_set,0.7345748248989143,0.8027437360457708,0.18825570203627334,0.15750491341576695,0.46694871327907206,0.6139425802842542,0.7746921611540988,0.7626288679567368,0.24164087443317078,0.37657144824099087,0.7187338947879975,0.7553175102256835,0.5330512867209279,0.894279662895446,0.0780727645104764,0.7039473684210527,0.8961421832884097,0.6000895517094622,0.9999999999999999,0.29605263157894735,Austropotamobius torrentium,regional,DUAL,880,B,0.9728783375060787,1.0,0.6666666666666666,4229220.6446058275,-791.5836850404739,-0.004445950415465749,-0.0004127775299160412,0.004853789366428662,4.938578953117556e-06,1.0,0.9538991081932654,0.9967648886353594,0.707855927963982,0.842,1.1860940695296525,2.9850746268656714,1.7660044150110374,6.5420560747663545,1.7660044150110374,0.015861511680143756,0.003136988191503016,3.1799163179916317,99.0,61.0,1134.0
Austropotamobius torrentium (pooled),random_forest,combined,snapping,2,1,694723233,ok,5,296,880,11872,11872,152,reference_set,0.7323940176307607,0.8048191619848293,0.18732447850215564,0.1511128031070613,0.4615749693518059,0.6331884923339196,0.7414356543455827,0.6869676783304289,0.2030106236973889,0.32015617066434865,0.6026459959592679,0.6286942700398689,0.5384250306481941,0.8937138689885091,0.07342648428675719,0.7039473684210527,0.9102088948787062,0.6141562632997588,0.9878787878787878,0.29605263157894735,Austropotamobius torrentium,regional,DUAL,880,B,0.9760862003325479,1.0,0.6666666666666666,2923738.5744700264,7037.715768583585,-0.0042818602981058995,-0.0003998434891366205,0.015069097459822017,-0.010387393672579515,1.0,0.9552703434272924,0.9969623442537444,0.718,0.8396,0.5383022774327122,4.488778054862843,3.8461538461538463,6.779661016949152,5.459770114942529,0.015207777804518034,0.002914731340649467,2.10727969348659,73.0,51.0,993.0
Austropotamobius torrentium (pooled),random_forest,combined,snapping,2,2,124846692,ok,5,296,880,11872,11872,152,reference_set,0.8129747088323074,0.8554019447598951,0.19588956537825195,0.20597720359452376,0.6660824419965585,0.6349429838454228,0.7724641572802702,0.8278653237629824,0.43854659927682865,0.4628083076084053,0.9109399265200114,0.794559292979532,0.3339175580034415,0.8919031622393248,0.07490279241516964,0.6973684210526315,0.9046495956873315,0.6020180167399629,0.9878787878787878,0.3026315789473685,Austropotamobius torrentium,regional,DUAL,880,B,0.9804432744331293,1.0,0.6666666666666666,3232225.5995738846,4639.0045242207125,-0.013444164945267567,0.0006257185805860349,0.002737606334865139,0.010080840029816462,1.0,0.9548781905770278,0.9970204840655074,0.696,0.842,1.9949066213921902,3.7825059101654848,3.944315545243619,1.5706806282722512,3.944315545243619,0.015477931266846363,0.0038808962264150946,2.3508137432188065,73.0,47.0,1059.0
Austropotamobius torrentium (pooled),random_forest,combined,snapping,2,3,1280626371,ok,5,296,880,11872,11872,152,reference_set,0.8727824295749389,0.8847861114545224,0.16845208351292032,0.18535029897430244,0.7330115295383216,0.6521508377991048,0.8075462312401817,0.8897551816383265,0.5405577607785033,0.5419060194374313,0.8950526129279932,0.6902883351679406,0.2669884704616784,0.8907762847567032,0.07412170602100975,0.743421052631579,0.9055761455525606,0.6489971981841396,0.9878787878787878,0.256578947368421,Austropotamobius torrentium,regional,DUAL,880,B,0.9743481529516775,0.6666666666666666,0.6666666666666666,4650587.010897766,12045.595884721726,0.011218484400601081,-0.0012910714104403566,0.0019038899895034156,-0.011831302979664171,1.0,0.9543172915692819,0.9967180280414412,0.712,0.836,-0.5291005291005291,6.651376146788992,3.349282296650718,5.47945205479452,3.349282296650718,0.015440462552945705,0.0026985993453985365,3.6044362292051755,85.0,46.0,1036.0
Austropotamobius torrentium (pooled),random_forest,combined,snapping,2,4,4054307219,ok,5,296,880,11872,11872,152,reference_set,0.8697920600552115,0.8389600849174933,0.17202902530444353,0.20663204216644288,0.7453571659008195,0.6711002834198169,0.7996555710727151,0.8087226919027483,0.5450127369735346,0.4798229753225652,0.8695686622698929,0.6521092002272348,0.25464283409918054,0.8922223564512697,0.0761648007953462,0.7171052631578947,0.9016172506738545,0.6187225138317491,0.9757575757575757,0.2828947368421053,Austropotamobius torrentium,regional,DUAL,880,B,0.9769208638954731,0.6666666666666666,0.6666666666666666,1694020.3016318344,2369.8536991430447,-0.004196764130377062,-0.000664175054824908,0.006114041406331372,-0.001253102221129343,1.0,0.9548081288857081,0.996887026463695,0.702,0.8415000000000001,1.0382059800664452,3.32541567695962,2.386634844868735,3.260869565217391,2.386634844868735,0.01561448706841227,0.0032766637787190345,2.1872265966754156,77.0,52.0,1091.0
Austropotamobius torrentium (pooled),random_forest,combined,snapping,2,5,4156103267,ok,5,296,880,11872,11872,152,reference_set,0.8884779200491304,0.8464498789640038,0.1585666925557749,0.19064573759709014,0.8075177376105274,0.6849192124522143,0.7791103488801269,0.8009442888266417,0.5866280864906545,0.4858635012788561,0.9178086938611935,0.7313047581015161,0.19248226238947264,0.8889303890622784,0.07872585270618765,0.6973684210526315,0.8982479784366577,0.5956163994892893,0.9999999999999999,0.3026315789473685,Austropotamobius torrentium,regional,DUAL,880,B,0.9756530479154819,0.6666666666666666,0.8181818181818182,2499783.4236082127,-20262.59636430582,-0.008348427565072813,0.0019824296490157135,0.0021262988459129772,0.004239699070144154,1.0,0.9550638266897582,0.9968884744270137,0.716,0.8376,0.9496284062758051,0.38022813688212925,-0.205761316872428,5.0,-0.205761316872428,0.015493234216928626,0.0014050575912183054,0.6666666666666667,69.0,61.0,1139.0
Austropotamobius torrentium (pooled),random_forest,combined,snapping,2,6,2143209798,ok,5,296,880,11872,11872,152,reference_set,0.7935884836857677,0.8398199977483871,0.1782069387625512,0.14989102136129798,0.4429175916939599,0.6280713980072131,0.824938674978894,0.7741033222270012,0.267856266672854,0.40217472023421436,0.9047365497647392,0.9114026131242274,0.5570824083060402,0.8889641926159739,0.08023939729788533,0.6973684210526315,0.8919305929919138,0.5892990140445453,0.9999999999999999,0.3026315789473685,Austropotamobius torrentium,regional,DUAL,880,B,0.9787235830726421,1.0,0.8181818181818182,736446.4214814098,-17982.56720087072,-0.01224775653635557,-0.0002780554240287038,0.00736468926965414,0.005161122690730102,1.0,0.9564087748094185,0.9968203385028428,0.716,0.84,1.6639610389610389,0.19305019305019305,1.2605042016806722,0.0,1.2605042016806722,0.015082760958156848,0.0030244837793608004,1.0236220472440944,80.0,67.0,1203.0
Austropotamobius torrentium (pooled),random_forest,combined,snapping,2,7,1805348735,ok,5,296,880,11872,11872,152,reference_set,0.8773009468375691,0.8582926654383961,0.15803203024264814,0.17766258741586166,0.7921929607141525,0.6849840480372638,0.7613641862833372,0.6594298399565439,0.5535571469974895,0.3444138879938078,0.8380994264564644,0.5572304706076147,0.20780703928584754,0.8908522042133636,0.07554013173652695,0.7105263157894737,0.9006907008086253,0.611217016598099,0.9999999999999999,0.2894736842105263,Austropotamobius torrentium,regional,DUAL,880,B,0.976193354334329,1.0,0.5384615384615384,2161249.4664914,3278.5576216559857,0.009073636114488248,-0.0009697940293223913,0.002265332102358353,-0.01036917418752431,1.0,0.9540637855412528,0.9966582360605216,0.686,0.84,0.9421841541755889,2.013422818791946,2.272727272727273,5.208333333333334,3.418803418803419,0.015651280323450135,0.002300202156334232,2.166377816291161,81.0,56.0,1098.0
Austropotamobius torrentium (pooled),random_forest,combined,snapping,5,0,3220716425,ok,5,296,880,11872,11872,152,reference_set,0.726809449403071,0.7981207223192608,0.19206414999042243,0.16126534715124613,0.45181487602606496,0.6084351921501115,0.7641636812356931,0.751715921797889,0.21597855726175816,0.3601511139480005,0.7371112919023844,0.6955794122998793,0.548185123973935,0.894212887022982,0.07859164817236937,0.7236842105263158,0.8951314016172507,0.6188156121435666,0.9878787878787878,0.2763157894736842,Austropotamobius torrentium,regional,DUAL,880,B,0.9751597492741909,0.6666666666666666,0.6666666666666666,5024668.787964132,21993.078982842155,-0.002724227017928127,-0.0009504620962294194,0.0035470259335535492,0.0001276631806039208,1.0,0.9500895178857132,0.9962744975863873,0.7115011672502919,0.8329,1.2269938650306749,2.55863539445629,1.8181818181818181,11.45374449339207,1.8181818181818181,0.017138291377871907,0.004079929967269927,4.184100418410042,122.0,72.0,1123.0
Austropotamobius torrentium (pooled),random_forest,combined,snapping,5,1,2497235828,ok,5,296,880,11872,11872,152,reference_set,0.8665471978142637,0.8558933254306073,0.17031415392778035,0.19309197998838845,0.7845758520081153,0.6974189912826333,0.7407118653813776,0.6653615196476961,0.5252877173894928,0.36278051093032937,0.8491705116865899,0.5272463426204054,0.2154241479918847,0.898519792257767,0.07467571686586388,0.7302631578947368,0.909366576819407,0.639629734714144,0.9878787878787878,0.26973684210526316,Austropotamobius torrentium,regional,DUAL,880,B,0.9786621092684409,0.6666666666666666,0.6666666666666666,4007058.382068315,17912.16995344078,-0.00756219527416202,-0.00021849739443762992,0.01258224184407461,-0.004801549175474984,1.0,0.9439646177939076,0.9956957066056896,0.7013333333333334,0.8392999999999999,1.7391304347826086,7.73067331670823,7.537688442211055,10.734463276836157,7.537688442211055,0.018934349529906302,0.006144339823193428,3.065134099616858,105.0,73.0,971.0
Austropotamobius torrentium (pooled),random_forest,combined,snapping,5,2,3040354288,ok,5,296,880,11872,11872,152,reference_set,0.7360565133964898,0.8088884786534708,0.18920900265343135,0.1592397211920386,0.49923542722506875,0.647576334845377,0.7635505860615529,0.7609999833318349,0.26278601328662154,0.4085763181772119,0.6545353976186207,0.630325338298017,0.5007645727749312,0.8941136929883672,0.07541821086448325,0.6973684210526315,0.905154986522911,0.6025234075755426,0.9878787878787878,0.3026315789473685,Austropotamobius torrentium,regional,DUAL,880,B,0.9775615418133693,1.0,0.6666666666666666,8797405.206909766,7410.649492536206,-0.0058242781074154815,-0.0003307680982868738,0.0038969877223669624,0.002258058483335379,1.0,0.9480854816114127,0.9960624785876034,0.6818374187093545,0.822,2.7589134125636674,4.7281323877068555,5.764966740576496,8.796296296296296,5.764966740576496,0.017489036829354383,0.005843584143563086,1.8083182640144666,83.0,63.0,1043.0
Austropotamobius torrentium (pooled),random_forest,combined,snapping,5,3,3007116232,ok,5,296,880,11872,11872,152,reference_set,0.7309943747916765,0.814162057029504,0.19456983800235234,0.15944480105907502,0.4284570490379857,0.6071480826084107,0.8166068766946017,0.8605933473895352,0.2450639257325874,0.467741429997946,0.5261733160371959,0.5218829860421862,0.5715429509620142,0.8952968173677116,0.07498893858844864,0.75,0.9053234501347709,0.6553234501347709,0.9757575757575757,0.25,Austropotamobius torrentium,regional,DUAL,880,B,0.973129358517355,0.6666666666666666,0.6666666666666666,9728546.980807623,775.0894365389831,0.004456126312479158,-0.0013633658080333955,0.0036956063422670105,-0.006788366846712746,1.0,0.9478537864498872,0.996274359257463,0.661840420210105,0.83992,1.984126984126984,6.192660550458716,6.551059730250482,7.177033492822966,6.551059730250482,0.01764554473912206,0.005146589833403344,3.8817005545286505,96.0,54.0,1028.0
Austropotamobius torrentium (pooled),random_forest,combined,snapping,5,4,2045148698,ok,5,296,880,11872,11872,152,reference_set,0.7319104961535532,0.7706649491770678,0.1923109161470164,0.16266907940089964,0.4421322481758128,0.5973791992636908,0.7851225604055906,0.7292267253499601,0.22725480858140346,0.326605924613651,0.6879424192510549,0.6355165814662851,0.5578677518241872,0.8934600652574833,0.07780223930207988,0.756578947368421,0.898921832884097,0.6555007802525181,0.9878787878787878,0.24342105263157898,Austropotamobius torrentium,regional,DUAL,880,B,0.971867581109996,1.0,0.6666666666666666,5365250.43829915,18460.43907125853,-0.0005307109068818372,-0.0016389296851556656,0.00820383309196232,-0.006034192499924762,1.0,0.9476862756366313,0.9956643352344209,0.7070195097548773,0.8349,3.529900332225914,8.551068883610451,7.654320987654321,10.99476439790576,7.654320987654321,0.018247722131305353,0.005681342654986522,4.986876640419948,99.0,42.0,1101.0
Austropotamobius torrentium (pooled),random_forest,combined,snapping,5,5,3818628030,ok,5,296,880,11872,11872,152,reference_set,0.7535297810623419,0.7862905737408289,0.19213077169415585,0.16572845817184972,0.43736519603370055,0.6114180944163687,0.7949356188944825,0.7313053221288515,0.2323008149281831,0.3427234165452203,0.6046914646750875,0.5664149552017792,0.5626348039662994,0.891747721307987,0.0800498494865805,0.7039473684210527,0.8977425876010782,0.6016899560221307,0.9878787878787878,0.29605263157894735,Austropotamobius torrentium,regional,DUAL,880,B,0.9785115734198526,0.6666666666666666,0.6666666666666666,6061980.846709464,17940.08907697443,-0.008624768721308185,-0.00023426971192772733,0.0038426935750309754,0.0050163448582049575,1.0,0.9488797595089835,0.995996925458573,0.665,0.834,1.032204789430223,3.2319391634980987,2.7642276422764227,8.94308943089431,3.754266211604096,0.017502085338852523,0.004563155804774739,1.1666666666666667,76.0,62.0,1138.0
Austropotamobius torrentium (pooled),random_forest,combined,snapping,5,6,98945448,ok,5,296,880,11872,11872,152,reference_set,0.8858598887172809,0.8688994692066234,0.1562976795560783,0.1811822920615785,0.7881073823448917,0.697230790236497,0.8058696272192682,0.786603253426564,0.5939770095641598,0.48383404366306115,0.8374671056680648,0.5175907226019161,0.21189261765510825,0.8878733353135196,0.08348358140356334,0.7171052631578947,0.8860343665768194,0.6031396297347142,0.9999999999999999,0.2828947368421053,Austropotamobius torrentium,regional,DUAL,880,B,0.9737150527680062,1.0,0.6666666666666666,4241717.48394876,-13419.612908127252,-0.014056703768761225,-0.002074339403516628,0.012644163496260796,0.0034868796760171294,1.0,0.9469884249877876,0.9957622286343443,0.6896404869101215,0.83595,4.220779220779221,4.440154440154441,3.656307129798903,5.761316872427984,6.652360515021459,0.018768128088499553,0.008811181772237196,6.535433070866143,131.0,48.0,1222.0
Austropotamobius torrentium (pooled),random_forest,combined,snapping,5,7,1134302698,ok,5,296,880,11872,11872,152,reference_set,0.7335826399006862,0.787983771233937,0.18025969046370333,0.15017819342708855,0.4967827181858692,0.6372208582687918,0.7297013155377519,0.6252848793899852,0.2264840337236211,0.26250573765877705,0.5096483159940726,0.5133295834000108,0.5032172818141307,0.890333790697262,0.07793507658865943,0.7039473684210527,0.8971529649595688,0.6011003333806215,0.9999999999999999,0.29605263157894735,Austropotamobius torrentium,regional,DUAL,880,B,0.9739317215316826,1.0,0.6666666666666666,7092814.129954871,-641.3473889678717,0.003166828835601432,-0.0006683503154318766,0.008410158157482528,-0.01090863667765224,1.0,0.9483328882322961,0.996079007820064,0.704,0.8438,3.126338329764454,9.172259507829978,8.447488584474886,13.043478260869565,10.199556541019955,0.017870303876267486,0.007060561866255937,5.805892547660312,111.0,44.0,1110.0
Austropotamobius torrentium (pooled),random_forest,combined,lowacc,3,0,2132041259,ok,5,296,880,11872,11872,152,reference_set,0.8877014439325218,0.8922918511480298,0.15597396009290462,0.17730061477443854,0.7800609973132792,0.6717318734480207,0.803400505064303,0.8354737854737856,0.5834615023775823,0.507205658921806,0.9483626811545728,0.8715255866902488,0.21993900268672084,0.8947584542133635,0.08385264475685252,0.6973684210526315,0.8856974393530997,0.5830658604057313,0.9999999999999999,0.3026315789473685,Austropotamobius torrentium,regional,DUAL,880,B,0.9759584459023173,0.6666666666666666,0.8181818181818182,6553593.142734153,4507.458167300094,-0.004239670669300533,0.0009356264977193607,0.007205208401316221,-0.0039011642297350213,1.0,0.9268611254800185,0.9919150081530865,0.6836198599299648,0.8260599999999999,6.4621676891615545,10.660980810234541,12.248995983935743,8.11965811965812,12.048192771084338,0.025524670292645366,0.0167686745924785,13.556485355648535,189.0,27.0,1168.0
Austropotamobius torrentium (pooled),random_forest,combined,lowacc,3,1,3123662791,ok,5,296,880,11872,11872,152,reference_set,0.866638765860968,0.8780303828345282,0.1682059029558141,0.1845825789063506,0.7594933988193265,0.6821378699606477,0.7781798799766052,0.8370805928564904,0.5376732787959317,0.5192184628171381,0.8733053899680326,0.6693197338861498,0.24050660118067346,0.8933273447474819,0.07892205809703015,0.7039473684210527,0.9027964959568733,0.6067438643779259,0.9636363636363635,0.29605263157894735,Austropotamobius torrentium,regional,DUAL,880,B,0.9786945199497555,1.0,0.8181818181818182,4920056.158233893,-3109.912828627974,-0.0057070478495498955,0.0008131026559422792,0.009641784611046533,-0.004747839417439004,1.0,0.9214178669272517,0.9914353543412371,0.6715607803901948,0.816,7.743271221532091,4.738154613466334,6.263498920086392,-0.9803921568627451,9.18803418803419,0.026568588154601464,0.01925710655724554,10.53639846743295,155.0,45.0,999.0
Austropotamobius torrentium (pooled),random_forest,combined,lowacc,3,2,1528318917,ok,5,296,880,11872,11872,152,reference_set,0.8743229040152976,0.8817978583630008,0.16596879540817297,0.18469152004706346,0.76244734994735,0.6742568542568542,0.7954876082840978,0.858843802202436,0.5579349582314478,0.5331006564592903,0.8953351036316411,0.7364177192212116,0.23755265005265003,0.9013678801957724,0.07907960692697938,0.6907894736842105,0.8957210242587601,0.5865104979429705,0.9999999999999999,0.3092105263157895,Austropotamobius torrentium,regional,DUAL,880,B,0.9765811416009693,1.0,0.6666666666666666,2012804.8967201097,-24953.625583241694,-0.016111540197944252,0.0010472684070765605,0.0052755314737368,0.009788740317130895,1.0,0.9280686468266438,0.9925614056199388,0.689,0.824,8.743633276740239,7.5650118203309695,7.223476297968396,1.8604651162790697,7.223476297968396,0.024959961814914642,0.014631901392632528,11.934900542495479,168.0,36.0,1070.0
Austropotamobius torrentium (pooled),random_forest,combined,lowacc,3,3,1792887160,ok,5,296,880,11872,11872,152,reference_set,0.8658530296149963,0.8695689766326999,0.16812467547537369,0.1755268430050219,0.7187614205562001,0.6530181173394807,0.8014582217663365,0.8784995749099138,0.5202196423225365,0.5315176922493945,0.8822416843795812,0.6764258640351994,0.28123857944379993,0.8979487338629594,0.07864469527611444,0.7368421052631579,0.9004380053908356,0.6372801106539936,0.9878787878787878,0.26315789473684215,Austropotamobius torrentium,regional,DUAL,880,B,0.9733275609645525,0.6666666666666666,0.8181818181818182,4724524.638627569,31577.008649827912,0.002086731706625433,0.0008538795689343112,0.0037206146044701516,-0.006661225880029875,1.0,0.9201153918477557,0.991555188520483,0.692,0.818,11.331569664902998,5.963302752293578,5.530973451327434,0.40816326530612246,5.530973451327434,0.02597321428571429,0.018427055256064688,9.242144177449168,132.0,32.0,1050.0
Austropotamobius torrentium (pooled),random_forest,combined,lowacc,3,4,3714878637,ok,5,296,880,11872,11872,152,reference_set,0.8632364832157122,0.841568257465793,0.17088313639001287,0.19709031718993816,0.7319450452892913,0.6602916007973405,0.7935633799073336,0.7481374562381428,0.5255084251966249,0.4084290570354831,0.9663147450537372,0.8774213461696236,0.2680549547107087,0.8987445027663499,0.08174960944777113,0.7236842105263158,0.8949629380053908,0.6186471485317067,0.9878787878787878,0.2763157894736842,Austropotamobius torrentium,regional,DUAL,880,B,0.9705607062403123,0.6666666666666666,0.6666666666666666,6500728.06212754,7991.681160992943,-0.010119405571978546,0.0003975850665868287,0.011888409260727983,-0.0021665887553362073,1.0,0.9149401558382457,0.9897065066321847,0.658,0.826,9.426910299003323,7.600950118764846,8.190476190476192,2.4154589371980677,8.190476190476192,0.02868817385444744,0.021224561994609165,9.09886264216973,142.0,38.0,1105.0
Austropotamobius torrentium (pooled),random_forest,combined,lowacc,3,5,2725857468,ok,5,296,880,11872,11872,152,reference_set,0.8828932974970808,0.8455040867136427,0.1600151359972201,0.18553366025127754,0.7900081441514812,0.6877104377104377,0.7670841684938253,0.7829548708372237,0.5570923126453065,0.4706653085476614,0.9206793496956094,0.7383857650108278,0.20999185584851876,0.8901065864838985,0.08362706352136243,0.7039473684210527,0.8910040431266847,0.5949514115477372,0.9999999999999999,0.29605263157894735,Austropotamobius torrentium,regional,DUAL,880,B,0.9757259188167309,1.0,0.8181818181818182,4921365.395332663,4927.924902296625,-0.0035281196099455348,0.001582882193507374,-0.0008532276927439852,0.002798465109182191,1.0,0.9331261776165521,0.9937415495152079,0.688,0.824,7.720891824938067,0.7604562737642585,2.1699819168173597,2.272727272727273,2.1699819168173597,0.02285505551277115,0.014585226543447568,7.833333333333334,140.0,46.0,1154.0
Austropotamobius torrentium (pooled),random_forest,combined,lowacc,3,6,1560906150,ok,5,296,880,11872,11872,152,reference_set,0.8870256994389311,0.8834927286999731,0.15303281051905637,0.1686133042605626,0.7640135108535696,0.6716266383889334,0.8196802770325897,0.8074956050143726,0.5836937878861594,0.4791222434033061,0.9845150228622711,0.9380176215375494,0.2359864891464304,0.8922999383777841,0.08586874292117767,0.6907894736842105,0.8849393530997305,0.5757288267839411,0.9999999999999999,0.3092105263157895,Austropotamobius torrentium,regional,DUAL,880,B,0.9759877800407334,1.0,0.8181818181818182,3339113.4526653127,22975.94120092457,-0.01909569298930941,0.0006744756668600436,0.011931703855831866,0.006489513466617525,1.0,0.9184187297678376,0.9910024291650233,0.704,0.8218,9.740259740259742,3.667953667953668,4.7713717693836974,0.3703703703703704,7.837445573294629,0.027365821139776664,0.020631870908740853,7.559055118110236,141.0,45.0,1225.0
Austropotamobius torrentium (pooled),random_forest,combined,lowacc,3,7,1705631456,ok,5,296,880,11872,11872,152,reference_set,0.881625519632961,0.8777798657615395,0.15239380644320816,0.16570790886466255,0.7764123839513002,0.6618397390167053,0.7631379448931725,0.6730446579792229,0.5395503288444727,0.3348843969959282,0.9043298001401501,0.7608467595308833,0.2235876160486998,0.8923913742197475,0.08107892090323887,0.6907894736842105,0.8928571428571429,0.5836466165413534,0.9999999999999999,0.3092105263157895,Austropotamobius torrentium,regional,DUAL,880,B,0.9738093232069137,1.0,0.8181818181818182,8358982.992128974,7852.606666811742,0.00696475637005195,-0.00027465325415870767,0.0035570590266734425,-0.010247162142566768,1.0,0.9206695721002052,0.9917667423597569,0.663,0.8273,12.805139186295502,5.1454138702460845,2.0220588235294117,-0.9523809523809524,2.0220588235294117,0.026723064272878967,0.01829187604286998,10.22530329289428,169.0,51.0,1103.0
Austropotamobius torrentium (pooled),random_forest,combined,lowacc,10,0,1976803236,ok,5,296,880,11872,11872,152,reference_set,0.8639173415036233,0.8718385197107974,0.16383265074734096,0.17323524049727573,0.7446341638899657,0.6509799629769965,0.7895831182388638,0.7899843411226211,0.5342172821288295,0.44096430409961745,0.9812337653009674,0.9179566302875924,0.25536583611003427,0.9002465442793304,0.09879454873422515,0.756578947368421,0.8623652291105122,0.6189441764789332,0.9999999999999999,0.24342105263157898,Austropotamobius torrentium,regional,DUAL,880,B,0.9507667956627059,1.0,0.6666666666666666,18396108.233851872,-12252.799983936362,-0.0034697803074729694,0.0020270320718911543,0.00839198342373837,-0.0069492351881564884,1.0,0.8481691581496046,0.9760906996177277,0.6513396698349173,0.79995,29.69325153374233,30.916844349680172,40.10416666666667,11.191335740072201,40.10416666666667,0.0564302546608266,0.04839306070305481,36.73640167364017,465.0,26.0,1169.0
Austropotamobius torrentium (pooled),random_forest,combined,lowacc,10,1,746287322,ok,5,296,880,11872,11872,152,reference_set,0.8577239146552015,0.8662312044701451,0.16937461956115926,0.17829048728639876,0.7471311834131046,0.65947157717194,0.7653980333543902,0.807190047202093,0.5125292167674947,0.46666162437403286,0.9447113918582881,0.8324163050941212,0.2528688165868954,0.8984607745779544,0.09111398373476921,0.6907894736842105,0.876095013477089,0.5668844871612995,0.9757575757575757,0.3092105263157895,Austropotamobius torrentium,regional,DUAL,880,B,0.9670464957519048,1.0,0.8181818181818182,19236317.403820608,12729.2920115171,-0.012879709027035557,0.0020937581106150877,0.013526672647422994,-0.0027407217310025933,1.0,0.857577744701383,0.9790565276267809,0.6669772386193095,0.8018000000000001,25.175983436853,18.204488778054863,23.931623931623932,19.545454545454547,27.027027027027028,0.052155226784109866,0.04331631730522398,40.900383141762454,471.0,44.0,1000.0
Austropotamobius torrentium (pooled),random_forest,combined,lowacc,10,2,2264928723,ok,5,296,880,11872,11872,152,reference_set,0.8494398882685118,0.8667882495605295,0.17651725956726283,0.18211420140289655,0.7258172508762131,0.6672955974842767,0.7715666639461567,0.7995964739710464,0.49738391482236977,0.4668920714553232,0.931781941801879,0.8039533767083802,0.27418274912378693,0.8955201424847494,0.0968257416636474,0.7039473684210527,0.8749157681940701,0.5788631366151229,0.9999999999999999,0.29605263157894735,Austropotamobius torrentium,regional,DUAL,880,B,0.9633955620197249,1.0,0.8181818181818182,20046107.87325996,-22176.393994782586,-0.01696065865571489,0.00417957891470825,0.012085177096919753,0.0006959026440869209,1.0,0.8466097450277634,0.9767559514789185,0.6698616808404203,0.78678,43.97283531409168,30.023640661938533,32.71221532091098,15.057915057915059,32.71221532091098,0.05844239647509947,0.051847529802015145,34.267631103074145,413.0,34.0,1072.0
Austropotamobius torrentium (pooled),random_forest,combined,lowacc,10,3,2570309994,ok,5,296,880,11872,11872,152,reference_set,0.860074095153386,0.8825980328388952,0.1703328377131659,0.16843651193863018,0.706562085172845,0.6504536430940758,0.7968911442720741,0.8776004855057298,0.5034532294449193,0.5280541285998057,0.9423375468930857,0.7741797914040238,0.293437914827155,0.9038807033799122,0.09230736952835258,0.7302631578947368,0.8851078167115903,0.6153709746063272,0.9999999999999999,0.26973684210526316,Austropotamobius torrentium,regional,DUAL,880,B,0.9623849636193776,0.6666666666666666,0.8181818181818182,21619525.819591388,27653.65214528609,-0.00915572127119596,0.00020132272250092745,0.018459577453092485,-0.009505178904397393,1.0,0.8455037372420433,0.9755194718246456,0.6653753209938302,0.7878000000000001,34.479717813051145,27.293577981651374,27.897838899803535,12.203389830508476,28.7569573283859,0.05575500978693365,0.04626163201129508,26.062846580406656,344.0,62.0,1020.0
Austropotamobius torrentium (pooled),random_forest,combined,lowacc,10,4,313512885,ok,5,296,880,11872,11872,152,reference_set,0.8489737319764277,0.8436840571929347,0.178493639123092,0.19324782063836826,0.6932219539680576,0.6429620943204868,0.8017922586185041,0.8081941873108232,0.49501421258656153,0.45115628163130994,0.9658309634037184,0.8378285544717696,0.30677804603194236,0.900320524187828,0.09492095692248721,0.7236842105263158,0.8770215633423181,0.6007057738686339,0.9999999999999999,0.2763157894736842,Austropotamobius torrentium,regional,DUAL,880,B,0.9590624112636865,0.6666666666666666,0.6666666666666666,25867248.908222366,-11406.341485284269,-0.030470007161712387,0.0008886106109658731,0.021844901843748377,0.007736494706998165,1.0,0.8474686389180444,0.9754696266017225,0.6799949974987495,0.786,33.09800664451827,21.852731591448933,24.786324786324787,11.808118081180812,26.857142857142858,0.05702610223334618,0.04924393049672699,27.73403324584427,364.0,47.0,1096.0
Austropotamobius torrentium (pooled),random_forest,combined,lowacc,10,5,3520274279,ok,5,296,880,11872,11872,152,reference_set,0.8708929054165453,0.8590583818980843,0.16183868606774893,0.1694058241121863,0.7447829253949673,0.6759575916844055,0.7848235663557446,0.7960734516028634,0.5296064917507118,0.47203104328726875,0.9455833747512314,0.736337005665733,0.25521707460503273,0.8934367906795291,0.09842816998168062,0.7105263157894737,0.8700303234501348,0.5805566392396084,0.9999999999999999,0.2894736842105263,Austropotamobius torrentium,regional,DUAL,880,B,0.9597546410717184,0.6666666666666666,0.6666666666666666,16449312.196390426,42094.14320546109,-0.0123155963617268,0.002847518357432237,0.008478533890223933,0.0009895441140706507,1.0,0.8477341264844651,0.975673058334921,0.6710661997665497,0.7919333333333334,33.52601156069364,18.8212927756654,19.262981574539364,5.5045871559633035,19.262981574539364,0.054793478051598,0.04584236940059043,28.583333333333332,391.0,48.0,1152.0
Austropotamobius torrentium (pooled),random_forest,combined,lowacc,10,6,255321523,ok,5,296,880,11872,11872,152,reference_set,0.8699257069524806,0.872614441620011,0.16085672139504106,0.16888836131353832,0.737163771932149,0.6688473359184259,0.8044429041113857,0.7633332756376972,0.5416066760435347,0.43218061155612303,0.9816233930166556,0.9187048593988661,0.262836228067851,0.8897699363384877,0.10061982050069125,0.6907894736842105,0.8563847708894878,0.5471742445736982,0.9878787878787878,0.3092105263157895,Austropotamobius torrentium,regional,DUAL,880,B,0.9524226995000928,1.0,0.6666666666666666,16109333.987144897,12791.376519243233,-0.022245194113053923,0.00035278889860385076,0.019095478464531024,0.002796926749918993,1.0,0.8533767624007825,0.9758460474280337,0.6776295147573786,0.79295,29.261363636363637,22.586872586872587,26.770293609671846,9.446254071661238,31.892697466467958,0.05616279621518418,0.048303578447888594,34.25196850393701,474.0,39.0,1231.0
Austropotamobius torrentium (pooled),random_forest,combined,lowacc,10,7,3141423038,ok,5,296,880,11872,11872,152,reference_set,0.8624314141404338,0.8642229278642406,0.15596044391183922,0.15560583970625705,0.7287546546250359,0.6506701454048611,0.7966681813370161,0.804564562050557,0.525422835962052,0.455234707455418,0.9835350776522734,0.932603008745583,0.27124534537496414,0.8953189836324301,0.09620597729529508,0.7171052631578947,0.8722203504043127,0.5893256135622074,0.9999999999999999,0.2828947368421053,Austropotamobius torrentium,regional,DUAL,880,B,0.9539503940151413,1.0,0.8181818181818182,18240660.786953244,-16158.716208380181,-0.008556225724487054,0.002299162074310277,0.007742809277129947,-0.0014857456269531943,1.0,0.8465234206356866,0.9744693606840904,0.694,0.7879333333333334,43.683083511777305,25.727069351230426,26.535087719298247,10.39426523297491,26.535087719298247,0.05753035995058401,0.0469254620716211,31.542461005199307,407.0,43.0,1111.0
Austropotamobius torrentium (pooled),random_forest,combined,lowacc,20,0,206240655,ok,5,296,880,11872,11872,152,reference_set,0.8368993511625233,0.8741214734897976,0.17878035171874168,0.1676573977799646,0.6826392172995278,0.6719273184306286,0.8061400826948685,0.8345077491367542,0.4887792999943963,0.5064350675673828,0.9904073594616197,0.9681873677468815,0.3173607827004722,0.8864918228649454,0.11953300480033871,0.7894736842105263,0.8315363881401617,0.6210100723506882,0.9999999999999999,0.21052631578947367,Austropotamobius torrentium,regional,DUAL,880,B,0.9285775284261102,0.6666666666666666,0.6666666666666666,30427451.967209805,-67608.0984808337,-0.02258731987024276,0.00277456982530961,0.015796667994480207,0.0040160820504529515,1.0,0.774405568718201,0.9506677923261558,0.6796772386193096,0.7846666666666667,67.93456032719837,57.782515991471215,64.2292490118577,47.491638795986624,66.90647482014388,0.09272151507615624,0.08075168570572884,67.36401673640168,851.0,46.0,1149.0
Austropotamobius torrentium (pooled),random_forest,combined,lowacc,20,1,2861955995,ok,5,296,880,11872,11872,152,reference_set,0.8239228192553407,0.849215855244155,0.18517683436890678,0.1751484939125017,0.6731805612492756,0.6502578602461531,0.783460826614735,0.8247305965254348,0.45664138786401065,0.47498845677158785,0.9088505772662143,0.7419625520214099,0.3268194387507244,0.893074649329692,0.1137936849865773,0.8157894736842105,0.8346529649595688,0.6504424386437793,0.9878787878787878,0.1842105263157895,Austropotamobius torrentium,regional,DUAL,880,B,0.9477781727103965,0.6666666666666666,0.5384615384615384,34751620.20400199,-38462.560262504034,-0.01684373373946263,0.0035350678757006954,0.01811475524427633,-0.004806089380514411,1.0,0.7675080744034,0.9490285639750757,0.7017705519426379,0.7737466666666666,71.51138716356108,39.40149625935162,39.19597989949749,30.111524163568777,46.04966139954853,0.09417889431716084,0.08098654577396996,88.02681992337165,974.0,55.0,989.0
Austropotamobius torrentium (pooled),random_forest,combined,lowacc,20,2,196265212,ok,5,296,880,11872,11872,152,reference_set,0.8314547404063485,0.8556753304281479,0.18565405101410445,0.17559628365733165,0.6647365028466243,0.6545839865409097,0.7857412524025652,0.7694738805364991,0.4504777552491895,0.4240578670774088,0.943192795086606,0.7978879874945302,0.33526349715337567,0.8860534849801389,0.1172826261751945,0.7960526315789473,0.8382749326145552,0.6343275641935024,0.9999999999999999,0.20394736842105265,Austropotamobius torrentium,regional,DUAL,880,B,0.9516892523555436,0.6666666666666666,0.5384615384615384,35679774.532598235,67015.98080327548,-0.030178226755226745,0.00434003806595951,0.027550686346832248,-0.001712497657564982,1.0,0.7825042845175152,0.9553537856591163,0.7149442221110555,0.7818,81.49405772495756,62.174940898345156,61.73469387755102,47.77777777777778,70.39999999999999,0.09293348675555128,0.08227716776569119,73.59855334538878,857.0,43.0,1063.0
Austropotamobius torrentium (pooled),random_forest,combined,lowacc,20,3,2348287868,ok,5,296,880,11872,11872,152,reference_set,0.8312352632613325,0.8697260195527408,0.19313648781899342,0.1728246098534415,0.6041194949352646,0.6194691466238783,0.8027399854817764,0.8532022713550746,0.4068594804170409,0.472671417978953,0.8800863628920266,0.6584528332951434,0.3958805050647354,0.9003914562349269,0.11079539131912128,0.7960526315789473,0.8519204851752021,0.6479731167541494,0.9999999999999999,0.20394736842105265,Austropotamobius torrentium,regional,DUAL,880,B,0.9352283841447895,0.42857142857142855,0.6666666666666666,44200727.03690804,9265.772832275834,-0.027621393470644295,0.0021153187842548847,0.022389292081403445,0.003116782604985935,1.0,0.7732373322297972,0.9539004971664928,0.6742769718192426,0.76977,69.31216931216932,50.0,51.434426229508205,42.414860681114554,51.02459016393443,0.09207279312668465,0.07860061769991016,62.47689463955638,753.0,77.0,1005.0
Austropotamobius torrentium (pooled),random_forest,combined,lowacc,20,4,22611507,ok,5,296,880,11872,11872,152,reference_set,0.8213394841435524,0.8111306818379372,0.1875080111779208,0.18302561742241347,0.6307421650543916,0.6287103936415468,0.7954683555840238,0.7439688460451076,0.42621052063841547,0.3726792396866544,0.8980639243962988,0.6810921957038738,0.3692578349456084,0.8937964383245851,0.11393486474742341,0.7828947368421053,0.8405491913746631,0.6234439282167683,0.9999999999999999,0.2171052631578947,Austropotamobius torrentium,regional,DUAL,880,B,0.9390524238521987,1.0,0.6666666666666666,39278130.680602826,-40879.68252648134,-0.026726035216398436,0.0017370167695566173,0.028996579039035658,-0.004007560592193815,1.0,0.7850791880489365,0.9562586264982029,0.6756184759046188,0.7784000000000001,67.98172757475083,61.75771971496437,59.166666666666664,49.46619217081851,59.166666666666664,0.08723487631294656,0.07389902819225173,65.61679790026247,809.0,59.0,1084.0
Austropotamobius torrentium (pooled),random_forest,combined,lowacc,20,5,1030706583,ok,5,296,880,11872,11872,152,reference_set,0.833789342938787,0.8229969430522983,0.18204249163086778,0.18488221951423564,0.6978111054158653,0.6640756302521009,0.7608499867249257,0.7268290854641156,0.458661092140791,0.3909047157162165,0.944059537027453,0.8034370199341005,0.30218889458413467,0.8915728848950205,0.11811165014743898,0.8223684210526315,0.8351583557951483,0.6575267768477797,0.9999999999999999,0.17763157894736847,Austropotamobius torrentium,regional,DUAL,880,B,0.9425994889131928,0.6666666666666666,0.5384615384615384,33071368.562265165,34865.98578729853,-0.03186096156197732,0.0023048417576977814,0.024799528471978832,0.004756591332300775,1.0,0.7750931945660416,0.9517080021101473,0.6867776388194092,0.7774,63.29479768786127,59.885931558935354,59.3128390596745,43.604651162790695,59.54465849387041,0.09132077617603646,0.07490666293640098,63.083333333333336,812.0,55.0,1145.0
Austropotamobius torrentium (pooled),random_forest,combined,lowacc,20,6,844196751,ok,5,296,880,11872,11872,152,reference_set,0.8578549626183242,0.8811848773788924,0.17029724235773297,0.15995034363795446,0.6706881111663467,0.6806810720868904,0.8260654642212325,0.7956332466099315,0.49675357538757936,0.476314318696822,0.9357521059854581,0.8774891774891774,0.32931188883365325,0.883658697155625,0.1171160488107589,0.7960526315789473,0.8376853099730458,0.6337379415519933,0.9999999999999999,0.20394736842105265,Austropotamobius torrentium,regional,DUAL,880,B,0.9333896489718693,0.42857142857142855,0.5384615384615384,25398202.217572916,75636.71343297837,-0.032860230408448876,0.0038201060065410075,0.026994502036928547,0.0020456223649793492,1.0,0.7936677816516486,0.9583726695684882,0.6911869267967317,0.7736666666666667,57.10227272727273,61.38996138996139,60.62846580406654,51.74418604651163,60.21699819168174,0.08474746188176528,0.07258473338627904,51.73228346456693,720.0,63.0,1207.0
Austropotamobius torrentium (pooled),random_forest,combined,lowacc,20,7,909933417,ok,5,296,880,11872,11872,152,reference_set,0.8394106559646899,0.8683140415503985,0.17334256356541689,0.16185475195086632,0.6925158402041963,0.6582720881351019,0.7862591134116109,0.778735932863772,0.4787749536158074,0.4370080209988738,0.9502425089213314,0.8641455878726092,0.3074841597958037,0.8936767404951057,0.11532027381451242,0.8355263157894737,0.8355795148247979,0.6711058306142714,0.9999999999999999,0.16447368421052633,Austropotamobius torrentium,regional,DUAL,880,B,0.9276529772359245,0.6666666666666666,0.42857142857142855,42853737.105209775,-62383.46950517455,-0.012590110683364464,0.0024760778543992147,0.01822843849036021,-0.008114405661395041,1.0,0.7799339156902755,0.9561613900691405,0.6921763381690843,0.78,77.04496788008566,45.63758389261745,48.68421052631579,34.91525423728813,47.85276073619632,0.09157559283147222,0.0799807582466949,69.15077989601387,859.0,61.0,1093.0
