rep,level,mode,d_str1,n,auc,tss,range_area_pct_change_05,range_area_pct_change_maxsss,suitability_mad,schoener_d
0,3,plain,1.128312778798211,3811,0.784410396477435,0.427978035697826,2.9671897289586306,-0.5114083398898506,0.050087566773278205,0.888613040953691
0,3,stratified,0.0,3811,0.791290080101328,0.45404498511939984,1.2838801711840229,-3.0728709394205445,0.04739113029458958,0.8949992376198768
0,10,plain,3.59485699291524,3811,0.7752042712737258,0.40605939515657147,15.520684736091297,6.206040546131568,0.08077040907184069,0.8208163013151097
0,10,stratified,0.0,3811,0.7877890357427723,0.4204846464535708,5.592011412268189,-0.2713178294573643,0.06652891939086962,0.8499187802927985
0,20,plain,6.979795329309891,3811,0.7616044860050348,0.4127682882328046,19.486447931526392,12.376450365277181,0.10879127963747987,0.7602361516062193
0,20,stratified,0.0,3811,0.7785243220385231,0.4150886165817267,9.101283880171183,2.227622519238558,0.08691364909273311,0.8055286527265453
1,3,plain,1.3119916032537375,3811,0.7763990916680469,0.407541935796779,2.4543378995433787,2.7920962199312718,0.048701424769933985,0.8930062370310212
1,3,stratified,0.0,3811,0.7875172148556133,0.43756691481790005,3.4246575342465753,3.341067285382831,0.04578600323595253,0.8999952655790688
1,10,plain,2.991340855418521,3811,0.7640733092005891,0.4114382377628522,10.987442922374429,9.271786709112614,0.07765020898949417,0.8269779832272013
1,10,stratified,0.0,3811,0.7760581562416937,0.4090478491112663,7.277397260273973,4.730012557555463,0.06809020832797434,0.848506594890342
1,20,plain,7.05851482550511,3811,0.7632130986895445,0.40059179477025025,18.835616438356166,16.175115207373274,0.10534921962650948,0.7686711030955413
1,20,stratified,0.0,3811,0.776952745051321,0.4217546538504757,5.222602739726027,3.9350912778904665,0.0911216455005558,0.7980439497684639
2,3,plain,0.9708737864077648,3811,0.7706064122799944,0.42685787832483707,2.6689875253843924,1.7958826106000876,0.0482808833210561,0.8918690092397638
2,3,stratified,0.0,3811,0.7803682584191579,0.43190661320233587,3.0461270670147953,0.2589555459646094,0.0446151888666656,0.9005462283995278
2,10,plain,2.965101023353448,3811,0.7642975743192499,0.39207924714438974,13.751087902523935,5.140562248995984,0.07456534663262566,0.8310868561343115
2,10,stratified,0.0,3811,0.7694484374017893,0.4155475574683303,8.732230925442414,1.7864077669902914,0.06685350372963296,0.8486073997988706
2,20,plain,7.215953817895564,3811,0.7541764378072225,0.3871686991894421,21.990136350449667,15.540015540015538,0.10502961847562678,0.7660467405728041
2,20,stratified,0.0,3811,0.7771227629551972,0.4296741897467231,6.7885117493472595,-0.2702702702702703,0.08858636115566819,0.8005737219500274
3,3,plain,0.944633954342688,3811,0.7788039926327859,0.4287322205635867,5.04127358490566,1.545972335231896,0.0506553041558889,0.8869721617335291
3,3,stratified,0.0,3811,0.7881085834736504,0.4268038081952935,0.9433962264150944,2.2114997989545637,0.045671854697269254,0.8986548450986305
3,10,plain,3.804775649435843,3811,0.7776649168876367,0.41033333210246703,15.831367924528303,7.832345469940728,0.08276635460278502,0.8155178935963567
3,10,stratified,0.0,3811,0.7835192349962719,0.4282644253840424,10.023584905660378,5.433526011560693,0.07011056422630683,0.8411998295280363
3,20,plain,7.425872474416163,3811,0.7703852577839541,0.4032984772708518,25.235849056603776,22.146026623638566,0.10684822900254685,0.7634379822130737
3,20,stratified,0.0,3811,0.7851316261512112,0.4262451596440852,11.762971698113207,7.072438919845691,0.0876168598270194,0.8032926664934177
4,3,plain,1.049593282602988,3811,0.7907553445968587,0.4454240782436199,3.0097373856594865,-0.21561017680034494,0.05025405002497848,0.8867577856662173
4,3,stratified,0.0,3811,0.7874005610987433,0.4453783392432001,2.9507229271171433,0.45852438516048355,0.045571447172538644,0.8979524900576049
4,10,plain,4.014694305956439,3811,0.7756908810878375,0.4236133954513622,16.258483328415462,12.916495269436446,0.08010532330606746,0.8208669363136994
4,10,stratified,0.0,3811,0.7861601928455634,0.44050515875666146,4.92770728828563,2.2699635184434537,0.06641863269190824,0.8491266800143786
4,20,plain,6.612437680398838,3811,0.7660071027643298,0.40898970609443025,17.61581587488935,14.665653495440731,0.10517497970367135,0.7640637096335463
4,20,stratified,0.0,3811,0.786192700430182,0.4394135782458442,9.678371200944232,4.970360237118103,0.0881878558058965,0.799989908980419
5,3,plain,1.2332721070585144,3811,0.7884576889501501,0.4393373776165879,6.116560877091748,-1.1952191235059761,0.048028886866125726,0.8945702158122806
5,3,stratified,0.0,3811,0.7848376140818613,0.4432922519327033,3.0294287362954413,0.38699690402476783,0.04497113881665099,0.9017370548489888
5,10,plain,3.2537391760692707,3811,0.765043791746025,0.40280139116613217,16.474321984997115,4.41306266548985,0.08239879961907147,0.8188270828893531
5,10,stratified,0.0,3811,0.7837566492054939,0.4312867182022708,7.587997691863819,2.2504537205081667,0.06529986900051189,0.8544759867934837
5,20,plain,6.901075833114664,3811,0.7607594330207146,0.39508659990535017,25.07212925562608,11.229946524064172,0.10899046717634941,0.7612869733188207
5,20,stratified,0.0,3811,0.7795189703149373,0.4038320032559488,12.752452394691286,6.76,0.0866308611276343,0.807609388519174
6,3,plain,1.1020729467331378,3811,0.7756031967008907,0.42889443943308697,2.2136953955135774,0.9064885496183206,0.049617599338892475,0.8881040849187752
6,3,stratified,0.0,3811,0.7822406846093306,0.445920461063363,3.394332939787485,2.8534923339011926,0.04648166925157655,0.8958199360518954
6,10,plain,3.9097349776961394,3811,0.7765107658265962,0.4274426471869941,15.938606847697756,11.480637813211846,0.08113679648792049,0.8168000441076598
6,10,stratified,0.0,3811,0.7829319403282092,0.43905887939527777,8.47107438016529,6.48870636550308,0.06827273590873872,0.8445531144484562
6,20,plain,8.134347940173182,3811,0.7629135494139103,0.39950625293001457,26.53482880755608,21.440897325280414,0.1095415474786464,0.754820979666597
6,20,stratified,0.0,3811,0.7671761751966157,0.4144001700257188,11.629279811097993,10.003985651654046,0.08905915543441068,0.7977249488447857
7,3,plain,1.2857517711886643,3811,0.7818004942514637,0.4143277802375913,5.103857566765579,1.5456674473067917,0.05078269208874962,0.8858817273220914
7,3,stratified,0.0,3811,0.782439655009373,0.4087965869538458,2.6112759643916914,2.66497461928934,0.04563583029491526,0.8985649961566835
7,10,plain,4.0409341380215125,3811,0.7695982396805834,0.39368654698738664,13.382789317507418,5.7312252964426875,0.07928729855348274,0.8217975969884047
7,10,stratified,0.0,3811,0.7736012420512693,0.4169594242160173,6.6765578635014835,2.1883920076117986,0.06715616011958564,0.8486580940592272
7,20,plain,7.268433482025717,3811,0.7536815145790311,0.3786077825207419,20.326409495548962,18.563141454707722,0.10628898955930177,0.762648240601806
7,20,stratified,0.0,3811,0.7718645544226596,0.4071505487330566,11.661721068249257,6.196581196581197,0.08843398101975714,0.8001068582729751
8,3,plain,1.049593282602988,3811,0.7885511351173509,0.42852541579216363,3.695082921152167,1.375,0.04623845692924848,0.896636298264487
8,3,stratified,0.0,3811,0.7901788686497828,0.43618097286042223,4.626127436718068,2.699283002952341,0.045656126036455,0.8978569153201197
8,10,plain,3.72605615324062,3811,0.7864164954724316,0.4123565595544868,9.019493744544661,3.3693304535637147,0.07918484830347197,0.8227579261872511
8,10,stratified,0.0,3811,0.7901666956099171,0.4315277917802421,7.302880418970031,1.460197833254828,0.06511551446552168,0.8524813389121245
8,20,plain,6.664917344528991,3811,0.7702680369780557,0.3990219590120243,24.06168169915624,17.2787979966611,0.10818591321008122,0.759632402729811
8,20,stratified,0.0,3811,0.7818496972384504,0.4166493946915491,6.633692173407041,-0.8315098468271335,0.08782750092338883,0.8014136030959258
9,3,plain,1.1545526108632913,3811,0.7775646062550974,0.4296026781944605,1.7648733276401936,-2.056555269922879,0.049578777935643095,0.889324924326481
9,3,stratified,0.0,3811,0.7916935628069979,0.4445604580706961,1.138627953316254,-0.3686635944700461,0.04590860734951106,0.8983964354467681
9,10,plain,3.804775649435843,3811,0.7714345153914478,0.40693304902414074,12.126387702818105,2.4050632911392404,0.08079333347729373,0.8195776856758048
9,10,stratified,0.0,3811,0.7756441292546842,0.4235960936145169,6.54711073156846,1.490066225165563,0.068702982248598,0.8458494668137096
9,20,plain,6.376279191813172,3811,0.762287752192141,0.4080041264673971,19.698263592371195,13.615664845173042,0.10743972899525615,0.7615950528440709
9,20,stratified,0.0,3811,0.7829905098270742,0.43586542245604804,9.336749217193283,4.100480236424086,0.08772377598483351,0.8034585240818501
10,3,plain,0.813434794017315,3811,0.7698204587893075,0.417656249372949,4.479418886198547,-0.33181252592285354,0.04896567271948437,0.8908200676038751
10,3,stratified,0.0,3811,0.782599203230079,0.432812474209772,4.025423728813559,1.6934801016088061,0.04426006974348297,0.9018798580034009
10,10,plain,3.5423773287850935,3811,0.7694652485812855,0.4153261770927464,15.466101694915254,8.347826086956523,0.07911466299340632,0.8238621656577695
10,10,stratified,0.0,3811,0.7710758522288986,0.4172056418907015,7.929782082324454,4.028837998303647,0.06672301317917304,0.84946710316478
10,20,plain,7.504591970611383,3811,0.7447724791424024,0.38547181065212527,25.45399515738499,18.709150326797385,0.10414332611889496,0.769258814993639
10,20,stratified,0.0,3811,0.7697098094620842,0.41624201152715057,9.049636803874092,4.493891797556719,0.08655885436452991,0.8048603355694643
11,3,plain,1.049593282602988,3811,0.7630814386153607,0.41270630803075,2.317183268131207,-1.2463647694225177,0.04984385488598923,0.88711472907964
11,3,stratified,0.0,3811,0.7760842988496478,0.4268972541100638,1.1134517002708395,0.4405286343612335,0.04703188436820351,0.8941926351812384
11,10,plain,2.886381527158221,3811,0.756273653132974,0.3932995352075012,11.104423713511887,5.02838605028386,0.0800835917840827,0.8172122630873282
11,10,stratified,0.0,3811,0.7745765393445896,0.4232416148810719,6.4700571772494735,2.8536485935589075,0.06739806388741501,0.8465018058069429
11,20,plain,7.16347415376541,3811,0.7471204527377784,0.38077223582501757,22.449593740595848,17.405857740585773,0.10934353019860196,0.7561938206514778
11,20,stratified,0.0,3811,0.765181781086202,0.3970872710133359,6.98164309359013,4.211362733412793,0.08806444524347228,0.8003406083694408
12,3,plain,0.7609551298871615,3811,0.7776935614441297,0.4239703250290868,4.87225193107546,0.041254125412541254,0.049318384296829866,0.8887019049725376
12,3,stratified,0.0,3811,0.7863473293141081,0.42990652904468313,5.228758169934641,0.6747638326585695,0.04613551026615111,0.8963303070773825
12,10,plain,3.2537391760692707,3811,0.7692117318814415,0.4210059224340108,15.775401069518717,7.950931394820536,0.07891350220383586,0.8215973457872966
12,10,stratified,0.0,3811,0.7794318424726443,0.41965033934430956,7.66488413547237,2.244811520542143,0.06758824449289609,0.8460176218087758
12,20,plain,7.032274993440037,3811,0.7581549595539585,0.3892471293582969,25.044563279857396,20.709281961471106,0.10553460372355908,0.7636554949483048
12,20,stratified,0.0,3811,0.77868006257014,0.4157961007754263,11.259655377302435,4.345991561181434,0.08770449884992651,0.8007593949697398
13,3,plain,0.7347152978220919,3811,0.7702784605498266,0.4210311654830993,3.928987194412107,0.9603340292275574,0.04877493127409,0.8915674966113923
13,3,stratified,0.0,3811,0.7814606713728999,0.43391788879729903,4.161816065192084,0.786308973172988,0.04610500615282067,0.8982798086589912
13,10,plain,3.2274993440041975,3811,0.7662508070346735,0.41666843971809886,12.427240977881256,5.786113328012769,0.07804054759337306,0.8241832604111328
13,10,stratified,0.0,3811,0.768664987470161,0.4166124669240534,5.471478463329453,3.2454361054766734,0.06936307174961358,0.8447642234994122
13,20,plain,6.140120703227499,3811,0.7452180972932537,0.38780114196603505,23.777648428405122,18.40670859538784,0.10746214863953456,0.7638188581666621
13,20,stratified,0.0,3811,0.7706112207318876,0.41459891343846755,7.683352735739232,6.627218934911243,0.08950543817265638,0.8011709591064127
14,3,plain,1.049593282602988,3811,0.7790171738928019,0.42139416481545533,4.9204478491455514,0.2607561929595828,0.04917503059963437,0.8898005436707129
14,3,stratified,0.0,3811,0.7841532384617488,0.4319730264872848,2.975839717147908,2.5523012552301254,0.045403848772217884,0.8989046933080271
14,10,plain,3.988454473891366,3811,0.7641053675125611,0.4039618057271862,14.997053624042428,6.151773686573867,0.07900419360548043,0.8222909294317806
14,10,stratified,0.0,3811,0.7763502242047085,0.4219416497280587,8.190925162050677,3.7526652452025586,0.06669926505417219,0.8487864695524509
14,20,plain,7.0847546575701905,3811,0.7614742086707328,0.39117972784859584,20.624631703005303,15.243154883530854,0.10426950407579733,0.7662502846355298
14,20,stratified,0.0,3811,0.7757018347167034,0.41679017599215507,10.901591043017088,5.369127516778524,0.08842790675670738,0.7998179697323498
