rep,dist_m,frac,eff_dose,auc,tss,range_area_pct_change_05,range_area_pct_change_maxsss,suitability_mad,schoener_d
0,0,0,0.0,0.8169307742241396,0.5018161829052976,,,,
0,100,10,0.5333333333333333,0.812079979934771,0.496207780975109,-2.0033860045146725,-6.662965019433647,0.020071324314379493,0.944354723502551
0,100,20,2.013422818791946,0.807361482049536,0.496446080923141,-2.9627539503386005,-11.43603133159269,0.021635037270443615,0.937414516218757
0,100,50,3.4759358288770055,0.8198764585870391,0.5028180006283763,-21.19074492099323,-37.283018867924525,0.045084393239197995,0.8488549041286713
0,250,10,1.2,0.8079404187850113,0.4920211689332055,-1.3261851015801356,-4.616306954436451,0.019787100723901614,0.9454592932653341
0,250,20,2.1476510067114094,0.812926686206261,0.4981914405658294,-2.4548532731376973,-11.758360302049622,0.021357113466611056,0.9384300911004496
0,250,50,5.080213903743315,0.8111390011903684,0.48463872806691516,-22.686230248306998,-42.402123424021234,0.04641012913128984,0.8465486916954825
0,500,10,1.4666666666666668,0.8016839017914411,0.4741535982222515,-2.624153498871332,-5.811749842072015,0.019674334559857287,0.9441079997111288
0,500,20,2.4161073825503356,0.8126740076843442,0.5130465442996768,-3.0474040632054176,-10.877561744613768,0.02106495424297025,0.9386202065210698
0,500,50,6.550802139037433,0.8106545792753398,0.5022944700578243,-21.867945823927766,-39.08629441624365,0.045132339980690855,0.8476529578567483
1,0,0,0.0,0.8315126962064966,0.516671579305239,,,,
1,100,10,1.0666666666666667,0.8261410993538459,0.5422442988499863,-1.0979485697775209,-2.924944812362031,0.02143466592706722,0.9395643344744538
1,100,20,1.2080536912751678,0.8245650236285592,0.5374743382704027,-3.958393527882115,-13.887204366282596,0.022909178525680796,0.9314369445326558
1,100,50,3.8770053475935833,0.7993536565773568,0.4979598892837155,-13.493210054897428,-37.3502994011976,0.037725409985326114,0.8784819307930608
1,250,10,2.0,0.8212226483382351,0.5418586468215286,0.49118751805836464,-3.4674922600619196,0.02100054567205226,0.9420079869322256
1,250,20,1.342281879194631,0.8313177223111524,0.5404486551503793,-4.536261196186073,-10.69739952718676,0.022393492387357862,0.9327846065278677
1,250,50,4.81283422459893,0.7983578051686243,0.5023380744210064,-11.67292689973996,-34.27963094393186,0.035977088150023186,0.8844641423492153
1,500,10,1.8666666666666667,0.8083044118896694,0.5164430175596313,-0.6934412019647501,-1.9707565162110616,0.022107986034435773,0.9383042044883311
1,500,20,2.8187919463087248,0.8321678323428561,0.545763332521307,-4.218433978618896,-11.643090315560393,0.022353058683153574,0.9328117657229982
1,500,50,7.219251336898395,0.8083742386216717,0.5127803646849586,-13.262062987575845,-34.180602006688964,0.03698272329478138,0.8796293054289526
2,0,0,0.0,0.8139396542886591,0.5053715009576107,,,,
2,100,10,0.6666666666666666,0.8231638342607595,0.499249133781233,-4.0704387990762125,-6.591031874662345,0.021774381944453945,0.9351878868030858
2,100,20,1.2080536912751678,0.8030123933267467,0.5056415486974606,-8.516166281755197,-16.45653616456536,0.024375995075938003,0.9246239406897705
2,100,50,4.27807486631016,0.815980426781289,0.50709697434382,-20.58314087759815,-41.36291600633915,0.040603782237700725,0.8639462068258941
2,250,10,1.0666666666666667,0.8221428557430644,0.5153961472573515,-5.254041570438799,-8.19277108433735,0.02133124961326332,0.9347504641465121
2,250,20,1.8791946308724832,0.7963813006341728,0.5025070644862187,-7.650115473441109,-13.524317121918722,0.02412461555813624,0.9256629122056237
2,250,50,4.946524064171124,0.8140955473376394,0.5158390827741653,-20.842956120092378,-39.0881913303438,0.04091423828444661,0.8616072849915277
2,500,10,2.2666666666666666,0.8252812982931181,0.5253481133924818,-3.3198614318706694,-6.482670089858793,0.021061122211934406,0.9370629161584638
2,500,20,2.550335570469799,0.8037162988564373,0.49439015200741543,-6.986143187066975,-12.396166134185304,0.024286721735143867,0.9251973710337211
2,500,50,7.219251336898395,0.8196636954015666,0.5156737020311901,-21.737875288683604,-36.41933287950987,0.04205818856246396,0.8567071696992357
3,0,0,0.0,0.8229114637191506,0.5293844487891012,,,,
3,100,10,1.3333333333333333,0.8241623510305266,0.5041961932876148,0.3003003003003003,-5.28817587641117,0.02048191876435654,0.9423747855343375
3,100,20,1.74496644295302,0.8173443830051274,0.5306186935605322,-7.177177177177177,-13.130193905817174,0.026403516693325874,0.9144705133693533
3,100,50,4.144385026737968,0.8079814375306911,0.49415155123024407,-18.61861861861862,-35.177865612648226,0.04234126809619689,0.8539138205022432
3,250,10,0.6666666666666666,0.8269900768201414,0.5205242213368088,-0.2702702702702703,-4.51045104510451,0.02049803851222823,0.9416655108892348
3,250,20,2.2818791946308723,0.8287261736480046,0.5560178505765153,-6.426426426426427,-14.606741573033707,0.026713480237894837,0.9164117183317797
3,250,50,6.016042780748663,0.8192679569116168,0.5062487372932039,-18.13813813813814,-32.03732503888025,0.0406279111980158,0.858942603964541
3,500,10,1.6,0.8219631514914133,0.5054374092133971,0.7207207207207207,-3.6403750689464975,0.021269449986768028,0.9401068145117031
3,500,20,3.624161073825503,0.8267074021705982,0.5328392191906994,-7.3873873873873865,-12.021857923497267,0.026554869316367042,0.913005162198719
3,500,50,7.0855614973262036,0.8187618168198455,0.5169454096389354,-18.91891891891892,-32.42662848962062,0.04165236176666118,0.8563707368256498
4,0,0,0.0,0.8302994320411446,0.52601409950091,,,,
4,100,10,1.2,0.8322566336965437,0.5184735386594035,-3.384042222912139,-1.9135802469135803,0.02043795129059146,0.9372934010549437
4,100,20,1.610738255033557,0.8287084775621696,0.5231260122669017,-4.905308910276312,-8.42985842985843,0.02420229378598143,0.9214570186127202
4,100,50,4.679144385026738,0.8013861408949824,0.4900207497519423,-15.523129462899721,-33.30763299922899,0.03588126831276073,0.8774294592339255
4,250,10,0.9333333333333333,0.8303068291389454,0.5398936269957179,-3.787643588947532,-3.0373831775700935,0.021201550159255098,0.9333909852153695
4,250,20,2.1476510067114094,0.8263380782541935,0.5165157109989718,-6.054020490530891,-7.453416149068323,0.024939435510836872,0.9174934103368269
4,250,50,4.81283422459893,0.8037731323801584,0.5067431544973038,-14.902204284383732,-34.43251533742331,0.035192564541952326,0.880178853734391
4,500,10,1.3333333333333333,0.8271665566477171,0.5401917451800313,-2.2663769015833592,-2.2277227722772275,0.02035593305476577,0.9374763592296532
4,500,20,2.4161073825503356,0.8275028204563653,0.5167262844202837,-4.0670599192797265,-6.084142394822006,0.024442932139201137,0.9201536421856354
4,500,50,7.754010695187167,0.7958301996723942,0.4929069934913735,-16.671841043154302,-33.89288569144684,0.03666736539265942,0.8757080315852902
5,0,0,0.0,0.8088908296674617,0.5168269348146495,,,,
5,100,10,0.4,0.8057450689439852,0.5219737992635967,-2.5774688676513176,-5.398920215956808,0.020419506961732396,0.9423162721389181
5,100,20,1.0738255033557047,0.8011033104883178,0.5012971206515159,-6.660874601795539,-9.223300970873787,0.025420829807409923,0.9187033401720549
5,100,50,4.010695187165775,0.7886148316110747,0.4932507072750205,-22.29944975383724,-27.261146496815286,0.04275339208030795,0.8547957865245494
5,250,10,1.0666666666666667,0.8056709470967672,0.4960578013197985,-2.4326672458731537,-4.972375690607735,0.020698315329329288,0.9408854555559145
5,250,20,1.476510067114094,0.8008379168917207,0.4947787687433788,-5.6183029249927605,-7.981220657276995,0.02488623752940481,0.9212670216222745
5,250,50,4.411764705882353,0.7733758415901697,0.5025564200944074,-22.531132348682306,-25.500322788896064,0.042670824844528187,0.8528011159013895
5,500,10,0.9333333333333333,0.8038069214157428,0.49331106083479537,-1.6796988126267014,-6.545247581104155,0.020070388410687513,0.9433829369188496
5,500,20,3.7583892617449663,0.7962777123714998,0.49509859748490104,-3.967564436721691,-6.70886075949367,0.02536550764797022,0.9227964736565103
5,500,50,7.0855614973262036,0.7857117186113761,0.49068744832967154,-23.168259484506226,-25.659914057704114,0.04311721252132962,0.8510077931887795
6,0,0,0.0,0.8526796173343576,0.5309535117679247,,,,
6,100,10,0.5333333333333333,0.8530183848340038,0.5687271425508142,-2.604320804971885,-7.702265372168285,0.02162043206524216,0.936620028828046
6,100,20,1.2080536912751678,0.8470640507223757,0.5575400351177189,-2.367564368156259,-12.86153846153846,0.025050678427871478,0.926395570216402
6,100,50,3.4759358288770055,0.8533004791933911,0.5544743635398713,-20.09470257472625,-37.15220949263502,0.042628942357915194,0.8550214828745835
6,250,10,0.6666666666666666,0.8502586229158928,0.5479626056928969,-3.9064812074578277,-6.222222222222222,0.02131542294505436,0.9349877552337512
6,250,20,1.610738255033557,0.854546087598429,0.564467924514737,-4.557561408700799,-12.763395544852498,0.023489709624480385,0.9295946719241088
6,250,50,5.213903743315508,0.8553369963336512,0.5563344165993406,-18.940514945250072,-35.15052888527258,0.042039733244757474,0.8584292118145717
6,500,10,1.7333333333333334,0.8513228773762265,0.5579287880824076,-3.0482391240011837,-4.871626069782751,0.021191289731124798,0.9363530248642621
6,500,20,3.48993288590604,0.8473915023522176,0.5485777823928562,-3.1074282332050904,-12.807244501940493,0.024838490683234873,0.9270478019451158
6,500,50,6.417112299465241,0.8579408205900529,0.563161073209538,-18.91092039064812,-35.96419853539463,0.04249856509856925,0.8562423413057286
7,0,0,0.0,0.8193547524209003,0.500575032935843,,,,
7,100,10,0.9333333333333333,0.8134536156760825,0.5006341020383852,-2.9924462521789654,-3.2835820895522385,0.02032873169981725,0.9406283520112623
7,100,20,1.476510067114094,0.819489052974029,0.48869710101042785,-6.653108657757118,-7.951247823563552,0.023202425745688766,0.92761190933934
7,100,50,3.6096256684491976,0.8014182086539517,0.47412230810786327,-18.710052295177224,-34.731934731934736,0.039101929379217366,0.8728552258743774
7,250,10,1.2,0.8153476377610447,0.4878479960444904,-3.195816385822196,-2.30722525804493,0.02044126806310068,0.9398843670236338
7,250,20,1.74496644295302,0.8192790048694174,0.5037077942886258,-6.042998256827426,-8.630054315027158,0.02342107742197385,0.9275109568420773
7,250,50,6.8181818181818175,0.804764687440458,0.46311328354860526,-19.726902963393375,-34.98641304347826,0.039539603566737344,0.8725907453173629
7,500,10,1.4666666666666668,0.8133226555514143,0.4848184891684154,-2.789076118535735,-4.123112659698026,0.020098697631163447,0.9420205095794171
7,500,20,3.48993288590604,0.8152383927558673,0.5043718922865984,-4.416037187681581,-8.02139037433155,0.02372153556831693,0.929222942157444
7,500,50,6.684491978609626,0.8057299264965737,0.4760131102575177,-18.9424753050552,-33.38246131171702,0.03918105850451784,0.8740630274939593
8,0,0,0.0,0.8149829562116424,0.5168712134188541,,,,
8,100,10,0.6666666666666666,0.7907880204270497,0.482171750719057,-3.2335329341317367,-6.0529634300126105,0.020537936735279632,0.9377842581331584
8,100,20,0.9395973154362416,0.8043666193072531,0.5095509604158178,-6.916167664670658,-10.904425914047467,0.024617931120836944,0.9216658546637313
8,100,50,4.27807486631016,0.7969694320564518,0.4359617134164041,-20.62874251497006,-34.751261715933666,0.04068190763037967,0.8635603125719604
8,250,10,0.6666666666666666,0.7946540921127122,0.47555927988386426,-2.3952095808383236,-7.802874743326489,0.020299337912749064,0.9385481186453498
8,250,20,2.1476510067114094,0.8102869173487381,0.5064685425012634,-5.748502994011976,-7.6923076923076925,0.022823833057477705,0.9280341557501794
8,250,50,5.347593582887701,0.7991505248301732,0.43691249772234847,-20.479041916167663,-36.43858202802968,0.03963322088827552,0.8657704260525301
8,500,10,1.4666666666666668,0.7972535571339515,0.5089300743686913,-3.1736526946107784,-3.8286826735885784,0.02080961064730631,0.9367630128706352
8,500,20,2.684563758389262,0.8131674090484495,0.5124517859254702,-6.137724550898203,-9.5112285336856,0.02402421871045556,0.9235489101564153
8,500,50,6.417112299465241,0.7969862610295918,0.43628085650517284,-20.389221556886227,-32.5017325017325,0.04012897749274976,0.8634753906309802
9,0,0,0.0,0.8233542484766949,0.533449412237268,,,,
9,100,10,0.8,0.8181148072571124,0.5132648781751695,-2.815214135968853,-4.957678355501813,0.0184522163629475,0.9450795769064615
9,100,20,1.610738255033557,0.8118076530460676,0.50378353752118,-4.31266846361186,-8.818726183995645,0.021324538449307723,0.9345985248818043
9,100,50,4.27807486631016,0.8207526456065433,0.518320741211965,-15.333932315064391,-26.05099931082012,0.03671557323519446,0.8683287726012412
9,250,10,0.9333333333333333,0.8248971991603987,0.5285768091929215,-2.336028751123091,-4.5911949685534585,0.018549415441749834,0.9461558144664031
9,250,20,1.8791946308724832,0.8219721087812291,0.49485380189845746,-4.821802935010482,-9.837898267188374,0.021512159730773764,0.933750762870543
9,250,50,6.550802139037433,0.8200228450238067,0.5061982315698651,-13.596885294998504,-26.692965154503618,0.03647739385996548,0.8710748811805094
9,500,10,1.4666666666666668,0.8238070389055008,0.5351509361603707,-1.3776579814315664,-6.054931335830212,0.018820174433139224,0.9446195924517321
9,500,20,2.8187919463087248,0.8088636009390269,0.4923670147876726,-3.1446540880503147,-9.085328422344997,0.02134412041094632,0.9356640698709009
9,500,50,7.4866310160427805,0.811404339243954,0.4800431387797634,-16.232404911650196,-30.581867388362653,0.03900043890548621,0.8613435740869178
10,0,0,0.0,0.815758733906093,0.5054348635312668,,,,
10,100,10,0.4,0.8154077949387072,0.5004536943861937,-0.9096244131455399,-8.992562542258282,0.0206637594182028,0.9431374467077275
10,100,20,1.342281879194631,0.8031589593470444,0.4641474414326147,-6.895539906103286,-15.659140568099053,0.025295997120258804,0.9220127939099207
10,100,50,3.7433155080213902,0.8143536991179934,0.4891533639765042,-17.0481220657277,-38.04713804713805,0.043088043125430464,0.8532167209573714
10,250,10,1.3333333333333333,0.8193481253477071,0.5051820911946139,-0.7629107981220657,-9.33242506811989,0.020913960093925398,0.9417715627160774
10,250,20,2.684563758389262,0.804702556679034,0.4662666134615253,-6.338028169014084,-16.59159159159159,0.024902843315990107,0.924445063884572
10,250,50,4.545454545454546,0.8058663407863859,0.49492401090664145,-17.811032863849764,-36.5118174409128,0.04353503176103275,0.8530207579815919
10,500,10,1.8666666666666667,0.8026808034400508,0.49780065876520707,-0.2347417840375587,-7.750342935528121,0.021730972959913213,0.9400940375568937
10,500,20,2.1476510067114094,0.8087214221575073,0.48022586231865105,-7.071596244131455,-18.147304479878514,0.024690531090740382,0.9237850652211281
10,500,50,8.155080213903744,0.8107518510544622,0.47672789353034123,-18.104460093896712,-37.5952582557155,0.04410980162504394,0.8511351043706195
11,0,0,0.0,0.8355233071414779,0.5358850521749622,,,,
11,100,10,0.6666666666666666,0.8233561884669766,0.5295649070332009,-1.5393552134766193,-4.465799886941775,0.020094715957611944,0.9436283130085698
11,100,20,1.476510067114094,0.8297935126782996,0.5409338426196976,-6.273598605866977,-9.759450171821307,0.02563548867610065,0.9208958342618658
11,100,50,3.6096256684491976,0.8144522196202415,0.49238675555863387,-19.227417949462676,-34.49296817172465,0.041436032984473216,0.8623784666837895
11,250,10,1.4666666666666668,0.8344478482234442,0.5165325080602922,-1.7717107173976183,-4.190919674039581,0.02057819802232581,0.9423621751707913
11,250,20,2.1476510067114094,0.8343231586507956,0.5424330554557976,-4.676154516410107,-8.75,0.026728375127993684,0.9181862958159372
11,250,50,4.946524064171124,0.817199063337028,0.49206165704675614,-20.418239907057796,-35.265017667844525,0.043567314872004034,0.8564931315337119
11,500,10,0.9333333333333333,0.8313759305679294,0.5245923873317048,-2.410688353180366,-5.979869745411486,0.0208186994344108,0.9405857813938534
11,500,20,2.013422818791946,0.8346733958974863,0.5362190266382487,-5.28608771420273,-10.067526089625538,0.024390394360629727,0.9247515430718491
11,500,50,5.481283422459892,0.8192544582949944,0.5181164982503256,-18.617484751670055,-32.242339832869085,0.04151098366427614,0.8626153218355219
12,0,0,0.0,0.8122515712987561,0.49060268253774464,,,,
12,100,10,0.6666666666666666,0.8143035242560802,0.4953691890879567,-3.182227559291504,-6.589891234804862,0.021235418497270286,0.9384741546289066
12,100,20,2.2818791946308723,0.8129636696905923,0.48168995443675117,-6.304413089162414,-14.539877300613496,0.02417218319186152,0.9238348858516857
12,100,50,3.4759358288770055,0.7946158625041623,0.46480689790348645,-19.933953767637348,-40.96296296296296,0.04041061599539042,0.8646792319632446
12,250,10,0.8,0.8137957384917557,0.5038147227600916,-3.932752927048934,-7.665301345816267,0.020699259743427394,0.9393672523108371
12,250,20,1.8791946308724832,0.8170309493510075,0.49965840653051086,-6.8447913539477625,-12.110960757780784,0.023841589245704606,0.9225843008020314
12,250,50,5.347593582887701,0.7912470868404703,0.4749198150176747,-19.393575502851995,-37.70992366412214,0.03961665536101559,0.8666957394558394
12,500,10,1.0666666666666667,0.8133448097112344,0.49968941279126267,-4.653257280096067,-5.7249533291848165,0.020752614488401554,0.9381078857997873
12,500,20,2.2818791946308723,0.8127086234379973,0.5068068658064442,-7.355148604022816,-10.816062176165802,0.025448075358920335,0.9158279521491053
12,500,50,6.016042780748663,0.7973114261259429,0.4792968980011246,-18.883218252776942,-38.05697589481373,0.03904440895738959,0.868835416957848
13,0,0,0.0,0.7831033570192362,0.46324236814069664,,,,
13,100,10,0.8,0.7836454651757604,0.4656851092240761,-1.0542635658914727,-8.608815426997245,0.019725313580910942,0.9406579608495
13,100,20,1.2080536912751678,0.789035054546353,0.48842114933746295,-0.992248062015504,-11.327561327561328,0.02315042010795525,0.9290769641653571
13,100,50,3.2085561497326207,0.7885760049224669,0.47161959109139046,-13.147286821705425,-41.01167315175097,0.036460612122714835,0.8745050093728675
13,250,10,1.4666666666666668,0.775355221850374,0.47740253119912474,-1.3953488372093024,-5.460750853242321,0.01898042236849192,0.9422481126689627
13,250,20,1.8791946308724832,0.788034862663329,0.4842151973580268,-1.9534883720930232,-11.185983827493262,0.022817935297688847,0.9301470862342575
13,250,50,4.946524064171124,0.789226759224532,0.472343772890259,-14.449612403100776,-39.77859778597786,0.0365502954607538,0.8714789329065148
13,500,10,1.6,0.7827424197429356,0.45895432182390533,-1.426356589147287,-8.478109798471161,0.019935895681612425,0.9402242414788696
13,500,20,3.8926174496644297,0.7892394648628763,0.4806914520230847,-2.4806201550387597,-8.60215053763441,0.022540113479267345,0.9285939095479069
13,500,50,8.02139037433155,0.7839856942555393,0.4600276508418862,-12.093023255813954,-46.44859813084112,0.03496037657053637,0.881224649840016
14,0,0,0.0,0.8264992667917271,0.5140904327449988,,,,
14,100,10,0.6666666666666666,0.8289741672089888,0.5361596672990295,-2.301943198804185,-2.2770398481973433,0.021398678736596496,0.9364757773290497
14,100,20,1.2080536912751678,0.8306109827184724,0.5460669374071967,-6.158445440956652,-8.21917808219178,0.024103398932646312,0.9218132941194767
14,100,50,3.7433155080213902,0.8032559626066799,0.5170639942929197,-15.306427503736922,-27.342549923195087,0.03605878828498321,0.8778447802409958
14,250,10,0.6666666666666666,0.8265224092945445,0.5083716290202326,-3.6472346786248133,-3.116710875331565,0.021582387989715037,0.9343075336065787
14,250,20,1.610738255033557,0.8249837623711243,0.5493570248419237,-5.739910313901345,-8.704061895551257,0.025182423868474812,0.9195062738095653
14,250,50,4.27807486631016,0.8038596151364144,0.5112616768612043,-13.961136023916293,-30.40800615858353,0.03616732385401484,0.8788405694730074
14,500,10,1.3333333333333333,0.82394602441908,0.519015028986031,-4.275037369207773,-0.9922041105598866,0.02103129916718779,0.9358270858818598
14,500,20,4.295302013422819,0.8262363818115824,0.5447343960381862,-6.367713004484305,-10.218978102189782,0.02605349819893212,0.9167814313734263
14,500,50,8.422459893048128,0.8070408967067972,0.5053677386286336,-15.276532137518684,-28.80690737833595,0.036465886141795675,0.8765970919366823
